shortname,category,assign_count,chat_count,choice_count,database_count,feedback_count,file_count,folder_count,forum_count,glossary_count,label_count,languagelesson_count,lesson_count,lti_count,page_count,quiz_count,scorm_count,survey_count,url_count,wiki_count,workshop_count
AFAM125-00-S16,86,5,0,0,0,0,38,1,1,0,0,0,0,0,0,0,0,0,0,0,0
AMST115-00-S16,86,7,0,0,0,0,45,0,12,0,11,0,0,0,15,0,0,0,28,0,0
AMST115-WL0-S16,86,0,0,0,0,0,0,0,1,0,0,0,0,0,0,0,0,0,0,0,0
AMST228-00-S16,86,0,0,0,0,0,0,0,1,0,0,0,0,0,0,0,0,0,0,0,0
AMST230-00-S16,86,0,0,0,0,0,0,0,1,0,0,0,0,0,0,0,0,0,0,0,0
AMST240-00-S16,86,8,0,0,0,0,37,0,22,0,29,0,0,0,1,0,0,0,12,0,0
AMST267-00-S16,86,0,0,0,0,0,23,0,1,0,0,0,0,0,0,0,0,0,0,0,0
AMST290-11-S16,86,0,0,0,0,0,0,0,1,0,0,0,0,0,0,0,0,0,0,0,0
AMST396-00-S16,86,8,0,0,0,0,38,0,7,0,0,0,0,0,3,0,0,0,6,0,0
ARBC103-00-S16,86,0,0,0,0,0,22,3,2,0,0,13,0,0,43,1,0,0,0,0,0
ARBC206-00-S16,86,0,0,0,0,1,26,0,1,0,0,2,0,0,26,0,0,0,2,0,0
ARBC387-00-S16,86,0,0,0,0,0,39,0,10,0,14,0,0,0,0,0,0,0,2,0,0
ARCN391-11-S16,86,0,0,0,0,0,0,0,1,0,0,0,0,0,0,0,0,0,0,0,0
ARCN395-00-S16,86,6,0,0,0,0,34,0,9,0,0,0,0,0,7,0,0,0,6,0,0
ARTH155-00-S16,86,0,0,0,0,0,5,11,1,0,0,0,0,0,0,0,0,0,0,0,0
ARTH240-00-S16,86,0,0,0,0,0,30,10,1,0,0,0,0,0,0,0,0,0,0,0,0
ARTH245-00-S16,86,0,0,0,0,0,0,0,1,0,0,0,0,0,0,0,0,0,0,0,0
ARTH278-00-S16,86,0,0,0,0,0,0,0,1,0,0,0,0,0,0,0,0,0,0,0,0
ARTH286-00-S16,86,0,0,0,0,0,30,9,1,0,0,0,0,0,0,0,0,0,0,0,0
ARTH400-01-S16,86,0,0,0,0,0,0,0,1,0,0,0,0,0,0,0,0,0,0,0,0
ARTH400-02-S16,86,0,0,0,0,0,0,0,1,0,0,0,0,0,0,0,0,0,0,0,0
ARTH400-03-S16,86,0,0,0,0,0,0,0,1,0,0,0,0,0,0,0,0,0,0,0,0
ARTH400-04-S16,86,0,0,0,0,0,0,0,1,0,0,0,0,0,0,0,0,0,0,0,0
ARTS110-00-S16,86,0,0,0,0,0,11,0,1,0,11,0,0,0,0,0,0,0,0,0,0
ARTS110-02-S16,86,0,0,0,0,0,0,0,1,0,0,0,0,0,0,0,0,0,0,0,0
ARTS110-WL0-S16,86,0,0,0,0,0,0,0,1,0,0,0,0,0,0,0,0,0,0,0,0
ARTS113-01-S16,86,0,0,0,0,0,9,0,1,0,10,0,0,0,0,0,0,0,1,0,0
ARTS113-02-S16,86,0,0,0,0,0,33,0,1,0,0,0,0,0,0,0,0,0,1,0,0
ARTS113-03-S16,86,0,0,0,0,0,33,0,1,0,0,0,0,0,0,0,0,0,1,0,0
ARTS122-00-S16,86,13,0,0,0,0,20,0,2,0,0,0,0,0,20,1,0,0,12,0,0
ARTS140-00-S16,86,0,0,0,0,0,0,0,1,0,0,0,0,0,0,0,0,0,0,0,0
ARTS252-00-S16,86,0,0,0,0,0,0,0,1,0,0,0,0,0,0,0,0,0,0,0,0
ARTS260-00-S16,86,7,0,0,0,0,6,0,1,0,0,0,0,0,0,0,0,0,1,0,0
ARTS291-11-S16,86,0,0,0,0,0,0,0,1,0,0,0,0,0,0,0,0,0,0,0,0
ARTS291-12-S16,86,0,0,0,0,0,0,0,1,0,0,0,0,0,0,0,0,0,0,0,0
ARTS291-13-S16,86,0,0,0,0,0,0,0,1,0,0,0,0,0,0,0,0,0,0,0,0
ARTS291-14-S16,86,0,0,0,0,0,0,0,1,0,0,0,0,0,0,0,0,0,0,0,0
ARTS291-15-S16,86,0,0,0,0,0,0,0,1,0,0,0,0,0,0,0,0,0,0,0,0
ARTS291-16-S16,86,0,0,0,0,0,0,0,1,0,0,0,0,0,0,0,0,0,0,0,0
ARTS291-18-S16,86,0,0,0,0,0,0,0,1,0,0,0,0,0,0,0,0,0,0,0,0
ARTS291-19-S16,86,0,0,0,0,0,0,0,1,0,0,0,0,0,0,0,0,0,0,0,0
ARTS298-00-S16,86,3,0,0,0,0,10,4,9,0,0,0,0,0,0,0,0,0,2,0,0
ARTS327-00-S16,86,11,0,0,0,0,32,0,2,0,0,0,0,0,6,0,0,0,17,0,0
ARTS330-00-S16,86,0,0,0,0,0,12,0,1,0,0,0,0,0,0,0,0,0,0,0,0
ARTS374-00-S16,86,0,0,0,0,0,9,0,1,0,0,0,0,0,0,0,0,0,0,0,0
ARTS391-11-S16,86,0,0,0,0,0,0,0,1,0,0,0,0,0,0,0,0,0,0,0,0
ARTS391-12-S16,86,0,0,0,0,0,0,0,1,0,0,0,0,0,0,0,0,0,0,0,0
ARTS400-00-S16,86,7,0,0,0,0,4,0,3,0,0,0,0,0,0,0,0,0,0,0,0
ASST284-07-S16,86,0,0,0,0,0,11,0,1,0,0,0,0,0,0,0,0,0,0,0,0
ASST400-00-S16,86,0,0,0,0,0,0,0,1,0,0,0,0,0,0,0,0,0,0,0,0
ASTR110-00-S16,86,0,0,0,0,2,35,0,1,0,12,0,0,0,0,8,0,0,4,0,0
ASTR110-WL0-S16,86,0,0,0,0,0,0,0,1,0,0,0,0,0,0,0,0,0,0,0,0
ASTR113-00-S16,86,0,0,0,0,0,0,0,1,0,0,0,0,0,0,0,0,0,0,0,0
ASTR127-00-S16,86,0,0,0,0,2,34,0,2,0,39,0,0,0,1,0,0,0,3,0,0
ASTR356-00-S16,86,0,0,0,0,0,0,0,1,0,0,0,0,0,0,0,0,0,0,0,0
ASTR356-11-S16,86,0,0,0,0,0,0,0,1,0,0,0,0,0,0,0,0,0,0,0,0
ASTR356-12-S16,86,0,0,0,0,0,0,0,1,0,0,0,0,0,0,0,0,0,0,0,0
BIOL126-00-S16,86,0,0,0,0,0,26,2,1,0,0,0,0,0,0,0,0,0,0,0,0
BIOL126L-52-S16,86,11,0,0,0,0,6,0,1,0,0,0,0,0,0,0,0,0,0,0,0
BIOL126L-53-S16,86,11,0,0,0,0,8,0,1,0,2,0,0,0,0,0,0,0,0,0,0
BIOL126L-54-S16,86,9,0,0,0,0,9,0,1,0,0,0,0,0,0,0,0,0,0,0,0
BIOL126L-59-S16,86,9,0,0,0,0,6,0,1,0,0,0,0,0,0,0,0,0,0,0,0
biol126L-s16,86,1,0,0,0,0,31,1,1,0,13,0,0,0,0,0,0,0,0,0,0
BIOL126L-WL2-S16,86,0,0,0,0,0,0,0,1,0,0,0,0,0,0,0,0,0,0,0,0
BIOL126L-WL3-S16,86,0,0,0,0,0,0,0,1,0,0,0,0,0,0,0,0,0,0,0,0
BIOL126L-WL4-S16,86,0,0,0,0,0,0,0,1,0,0,0,0,0,0,0,0,0,0,0,0
BIOL126L-WL9-S16,86,0,0,0,0,0,0,0,1,0,0,0,0,0,0,0,0,0,0,0,0
BIOL209-00-S16,86,0,0,0,0,0,53,0,2,0,0,0,0,0,0,0,0,0,0,0,0
BIOL234-00-S16,86,1,0,0,0,0,29,0,1,0,0,0,0,0,0,0,0,0,0,0,0
BIOL235-00-S16,86,0,0,0,0,0,7,0,1,0,0,0,0,0,0,0,0,0,0,0,0
BIOL240-00-S16,86,0,0,0,0,0,59,1,1,0,0,0,0,0,0,0,0,0,0,0,0
BIOL241-01-S16,86,0,0,0,0,0,0,0,1,0,0,0,0,0,0,0,0,0,0,0,0
BIOL241-02-S16,86,0,0,0,0,0,0,0,1,0,0,0,0,0,0,0,0,0,0,0,0
BIOL241-WL1-S16,86,0,0,0,0,0,0,0,1,0,0,0,0,0,0,0,0,0,0,0,0
BIOL241-WL2-S16,86,0,0,0,0,0,0,0,1,0,0,0,0,0,0,0,0,0,0,0,0
BIOL342-00-S16,86,5,0,0,0,0,62,1,2,0,3,0,0,0,2,0,0,0,3,0,0
BIOL343-00-S16,86,3,0,0,0,0,24,12,2,0,0,0,0,0,2,0,0,0,3,0,0
BIOL352-00-S16,86,6,0,0,0,0,34,2,1,0,0,0,0,0,0,0,0,0,1,0,0
BIOL353-00-S16,86,5,0,0,0,0,21,6,1,0,0,0,0,0,0,0,0,0,0,0,0
BIOL354-00-S16,86,0,0,0,0,0,0,0,1,0,0,0,0,0,0,0,0,0,0,0,0
BIOL374-00-S16,86,3,0,0,0,0,38,0,1,0,0,0,0,0,0,0,0,0,0,0,0
BIOL385-00-S16,86,14,0,0,0,10,17,1,4,0,39,0,0,0,0,0,0,0,0,0,0
BIOL385-WL0-S16,86,0,0,0,0,0,0,0,1,0,0,0,0,0,0,0,0,0,0,0,0
BIOL386-00-S16,86,2,0,0,0,0,128,0,1,0,0,0,0,0,0,7,0,0,0,0,0
BIOL387-00-S16,86,1,0,0,0,0,20,0,1,0,0,0,0,0,0,0,0,0,0,0,0
BIOL392-11-S16,86,0,0,0,0,0,0,0,1,0,0,0,0,0,0,0,0,0,0,0,0
BIOL394-00-S16,86,0,0,0,0,0,0,0,1,0,0,0,0,0,0,0,0,0,0,0,0
BIOL394-01 -S16,86,0,0,0,0,0,0,0,1,0,0,0,0,0,0,0,0,0,0,0,0
BIOL394-11-S16,86,0,0,0,0,0,0,0,1,0,0,0,0,0,0,0,0,0,0,0,0
BIOL394-12-S16,86,0,0,0,0,0,0,0,1,0,0,0,0,0,0,0,0,0,0,0,0
BIOL394-13-S16,86,0,0,0,0,0,0,0,1,0,0,0,0,0,0,0,0,0,0,0,0
BIOL394-14-S16,86,0,0,0,0,0,0,0,1,0,0,0,0,0,0,0,0,0,0,0,0
BIOL394-15-S16,86,0,0,0,0,0,0,0,1,0,0,0,0,0,0,0,0,0,0,0,0
BIOL394-16-S16,86,0,0,0,0,0,0,0,1,0,0,0,0,0,0,0,0,0,0,0,0
BIOL394-18-S16,86,0,0,0,0,0,0,0,1,0,0,0,0,0,0,0,0,0,0,0,0
BIOL394-19-S16,86,0,0,0,0,0,9,2,1,0,0,0,0,0,0,0,0,0,0,0,0
BIOL394-20-S16,86,0,0,0,0,0,0,0,1,0,0,0,0,0,0,0,0,0,0,0,0
BIOL394-21-S16,86,0,0,0,0,0,0,0,1,0,0,0,0,0,0,0,0,0,0,0,0
BIOL394-22-S16,86,0,0,0,0,0,0,0,1,0,0,0,0,0,0,0,0,0,0,0,0
BIOL394-23-S16,86,0,0,0,0,0,0,0,1,0,0,0,0,0,0,0,0,0,0,0,0
BIOL394-24-S16,86,0,0,0,0,0,0,0,1,0,0,0,0,0,0,0,0,0,0,0,0
BIOL400-00-S16,86,0,0,0,0,0,0,0,1,0,0,0,0,0,0,0,0,0,0,0,0
CAMS111-01-S16,86,0,0,0,0,0,34,0,2,0,0,0,0,0,50,0,0,0,8,0,0
CAMS111-02-S16,86,0,0,0,0,0,16,0,2,0,0,0,0,0,0,0,0,0,1,0,0
CAMS111-WL1-S16,86,0,0,0,0,0,0,0,1,0,0,0,0,0,0,0,0,0,0,0,0
CAMS111-WL2-S16,86,0,0,0,0,0,0,0,1,0,0,0,0,0,0,0,0,0,0,0,0
CAMS212-00-S16,86,0,0,0,0,0,27,0,1,0,0,0,0,0,0,0,0,0,3,0,0
CAMS225-00-S16,86,0,0,0,0,0,5,0,1,0,0,0,0,0,0,0,0,0,0,0,0
CAMS236-00-S16,86,3,0,0,0,0,31,6,1,0,9,0,0,0,0,0,0,0,10,0,0
CAMS236F-00-S16,86,0,0,0,0,0,1,0,1,0,0,0,0,0,0,0,0,0,1,0,0
CAMS245-00-S16,86,0,0,0,0,0,25,0,1,0,0,0,0,0,49,0,0,0,12,0,0
CAMS283-00-S16,86,0,0,0,0,0,16,1,1,0,20,0,0,0,1,0,0,0,4,0,0
CAMS320-00-S16,86,0,0,0,0,0,36,0,2,0,0,0,0,0,0,0,0,0,6,0,0
CAMS370-00-S16,86,3,0,0,0,0,0,0,1,0,0,0,0,0,0,0,0,0,0,0,0
CAMS370-02-S16,86,0,0,0,0,0,0,0,1,0,0,0,0,0,0,0,0,0,0,0,0
cams370-s16,86,17,0,0,0,0,12,4,30,0,6,0,0,0,21,0,0,0,33,0,0
Carleton Choir S16,86,0,0,0,0,0,0,0,1,0,0,0,0,0,0,0,0,0,0,0,0
Carleton Linguistics in Kyoto '16,86,0,0,0,0,0,5,0,2,0,0,0,0,0,0,0,0,0,2,0,0
CCST208-00-S16,86,1,0,0,0,0,1,0,11,0,2,0,0,0,6,0,0,0,4,0,0
CGSC394-00-S16,86,0,0,0,0,0,1,0,2,0,0,0,0,0,0,0,0,0,0,0,0
CGSC396-00-S16,86,0,0,0,0,0,0,0,1,0,0,0,0,0,0,0,0,0,0,0,0
CGSC396-02-S16,86,0,0,0,0,0,0,0,1,0,0,0,0,0,0,0,0,0,0,0,0
CHEM113-00-S16,86,0,0,0,0,0,22,0,1,0,0,0,0,0,0,0,0,0,9,0,0
CHEM113L-54-S16,86,0,0,0,0,0,0,0,1,0,0,0,0,0,0,0,0,0,0,0,0
CHEM128-00-S16,86,0,0,0,0,0,18,7,1,0,2,0,0,0,1,0,0,0,0,0,0
CHEM128L-52-S16,86,0,0,0,0,0,0,0,1,0,0,0,0,0,0,0,0,0,0,0,0
CHEM128L-54-S16,86,0,0,0,0,0,0,0,1,0,0,0,0,0,0,0,0,0,0,0,0
CHEM128L-57-S16,86,0,0,0,0,0,0,0,1,0,0,0,0,0,0,0,0,0,0,0,0
CHEM128L-59-S16,86,0,0,0,0,0,0,0,1,0,0,0,0,0,0,0,0,0,0,0,0
CHEM230-00-S16,86,35,0,0,0,0,4,5,1,0,0,0,0,0,0,0,0,0,0,0,0
CHEM230L-52-S16,86,0,0,0,0,0,0,0,1,0,0,0,0,0,0,0,0,0,0,0,0
CHEM230L-54-S16,86,0,0,0,0,0,0,0,1,0,0,0,0,0,0,0,0,0,0,0,0
CHEM230L-59-S16,86,0,0,0,0,0,0,0,1,0,0,0,0,0,0,0,0,0,0,0,0
CHEM230L-WL2-S16,86,0,0,0,0,0,0,0,1,0,0,0,0,0,0,0,0,0,0,0,0
CHEM230L-WL4-S16,86,0,0,0,0,0,0,0,1,0,0,0,0,0,0,0,0,0,0,0,0
CHEM230L-WL9-S16,86,0,0,0,0,0,0,0,1,0,0,0,0,0,0,0,0,0,0,0,0
CHEM234-00-S16,86,15,0,2,0,0,68,1,1,0,16,0,0,0,0,0,0,0,2,0,0
CHEM234L-52-S16,86,8,0,0,0,0,19,0,1,0,17,0,0,0,0,0,0,0,2,0,0
CHEM234L-57-S16,86,0,0,0,0,0,0,0,1,0,0,0,0,0,0,0,0,0,0,0,0
CHEM292-11-S16,86,0,0,0,0,0,0,0,1,0,0,0,0,0,0,0,0,0,0,0,0
CHEM306-01-S16,86,0,0,0,0,0,0,0,1,0,0,0,0,0,0,0,0,0,0,0,0
CHEM306-02-S16,86,0,0,0,0,0,0,0,1,0,0,0,0,0,0,0,0,0,0,0,0
CHEM320-00-S16,86,5,0,1,0,0,42,1,1,0,6,0,0,0,0,0,0,0,0,0,0
CHEM321-01-S16,86,0,0,0,0,0,0,0,1,0,0,0,0,0,0,0,0,0,0,0,0
CHEM321-02-S16,86,0,0,0,0,0,0,0,1,0,0,0,0,0,0,0,0,0,0,0,0
chem321-s16,86,0,0,0,0,0,12,0,1,0,3,0,0,0,0,0,0,0,2,0,0
CHEM350-00-S16,86,11,0,0,0,0,32,0,1,0,1,0,0,0,32,0,0,0,0,0,0
CHEM351-00-S16,86,19,0,0,0,0,106,0,1,0,6,0,0,0,0,0,0,0,14,0,0
CHEM352-01-S16,86,0,0,0,0,0,0,0,1,0,0,0,0,0,0,0,0,0,0,0,0
CHEM352-02-S16,86,0,0,0,0,0,0,0,1,0,0,0,0,0,0,0,0,0,0,0,0
CHEM352-03-S16,86,0,0,0,0,0,0,0,1,0,0,0,0,0,0,0,0,0,0,0,0
CHEM352-04-S16,86,0,0,0,0,0,0,0,1,0,0,0,0,0,0,0,0,0,0,0,0
CHEM362-00-S16,86,5,0,0,0,0,23,0,1,0,0,0,0,0,0,0,0,0,0,0,0
CHEM390-11-S16,86,0,0,0,0,0,0,0,1,0,0,0,0,0,0,0,0,0,0,0,0
CHEM392-11-S16,86,0,0,0,0,0,0,0,1,0,0,0,0,0,0,0,0,0,0,0,0
CHEM394-00-S16,86,0,0,0,0,0,0,0,1,0,0,0,0,0,0,0,0,0,0,0,0
CHEM394-11-S16,86,0,0,0,0,0,0,0,1,0,0,0,0,0,0,0,0,0,0,0,0
CHEM394-12-S16,86,0,0,0,0,0,0,0,1,0,0,0,0,0,0,0,0,0,0,0,0
CHEM394-13-S16,86,0,0,0,0,0,0,0,1,0,0,0,0,0,0,0,0,0,0,0,0
CHEM394-14-S16,86,0,0,0,0,0,0,0,1,0,0,0,0,0,0,0,0,0,0,0,0
CHEM394-15-S16,86,0,0,0,0,0,0,0,1,0,0,0,0,0,0,0,0,0,0,0,0
CHEM394-16-S16,86,0,0,0,0,0,0,0,1,0,0,0,0,0,0,0,0,0,0,0,0
CHEM394-18-S16,86,0,0,0,0,0,0,0,1,0,0,0,0,0,0,0,0,0,0,0,0
CHEM394-19-S16,86,0,0,0,0,0,0,0,1,0,0,0,0,0,0,0,0,0,0,0,0
CHEM394-20-S16,86,0,0,0,0,0,0,0,1,0,0,0,0,0,0,0,0,0,0,0,0
CHEM394-21-S16,86,0,0,0,0,0,0,0,1,0,0,0,0,0,0,0,0,0,0,0,0
CHEM394-22-S16,86,0,0,0,0,0,0,0,1,0,0,0,0,0,0,0,0,0,0,0,0
CHEM394-23-S16,86,0,0,0,0,0,0,0,1,0,0,0,0,0,0,0,0,0,0,0,0
CHEM400-01-S16,86,0,0,0,0,0,0,0,1,0,0,0,0,0,0,0,0,0,0,0,0
CHEM400-02-S16,86,0,0,0,0,0,0,0,1,0,0,0,0,0,0,0,0,0,0,0,0
CHEM400-03-S16,86,0,0,0,0,0,0,0,1,0,0,0,0,0,0,0,0,0,0,0,0
CHEM400-04-S16,86,0,0,0,0,0,0,0,1,0,0,0,0,0,0,0,0,0,0,0,0
CHIN103-00-S16,86,0,0,0,0,0,10,1,1,0,0,19,0,0,1,0,0,0,25,0,0
CHIN103-01-S16,86,0,0,0,0,0,0,0,1,0,0,0,0,0,0,0,0,0,0,0,0
CHIN103-02-S16,86,0,0,0,0,0,0,0,1,0,0,0,0,0,0,0,0,0,0,0,0
CHIN206-00-S16,86,0,0,0,0,0,10,0,2,0,0,5,0,0,4,0,0,0,17,0,0
CHIN349-00-S16,86,0,0,0,0,0,15,0,1,0,0,0,0,0,0,0,0,0,4,0,0
CHINA400-00-S16,86,0,0,0,0,0,0,0,1,0,0,0,0,0,0,0,0,0,0,0,0
clas111-00-s16,86,5,0,0,0,0,43,0,14,0,7,0,0,0,9,0,0,0,7,0,0
CLAS228-00-S16,86,10,0,1,0,0,178,1,2,0,76,0,0,0,0,0,0,0,23,0,0
COGSC400-00-S16,86,0,0,0,0,0,0,0,1,0,0,0,0,0,0,0,0,0,0,0,0
CS111-01-S16,86,21,0,0,0,0,5,0,3,0,40,0,0,0,53,0,0,0,2,0,0
CS111-02-S16,86,14,0,0,0,0,12,0,1,0,0,0,0,0,5,0,0,0,3,0,0
CS111-03-S16,86,0,0,0,0,0,0,0,1,0,0,0,0,0,0,0,0,0,0,0,0
CS111-WL1-S16,86,0,0,0,0,0,0,0,1,0,0,0,0,0,0,0,0,0,0,0,0
CS111-WL2-S16,86,0,0,0,0,0,0,0,1,0,0,0,0,0,0,0,0,0,0,0,0
CS201-01-S16,86,11,0,0,0,0,35,2,2,0,4,0,0,0,2,0,0,0,2,0,0
CS201-02-S16,86,0,0,0,0,0,0,0,1,0,0,0,0,0,0,0,0,0,0,0,0
CS201-WL1-S16,86,0,0,0,0,0,0,0,1,0,0,0,0,0,0,0,0,0,0,0,0
CS202-00-S16,86,37,0,0,0,0,48,0,3,0,40,0,0,0,22,0,0,0,2,0,0
CS251-00-S16,86,30,0,0,0,0,5,0,2,0,7,0,0,1,4,1,0,0,21,0,0
CS254-00-S16,86,1,0,0,0,0,37,0,1,0,3,0,0,1,1,0,0,0,5,0,0
CS257-00-S16,86,2,0,0,0,0,0,0,1,0,1,0,0,0,0,0,0,0,0,0,0
CS291-11-S16,86,0,0,0,0,0,0,0,1,0,0,0,0,0,0,0,0,0,0,0,0
CS291-12-S16,86,0,0,0,0,0,0,0,1,0,0,0,0,0,0,0,0,0,0,0,0
CS328-00-S16,86,13,0,0,0,1,31,1,2,0,25,0,0,1,4,0,0,0,9,0,0
CS332-00-S16,86,13,0,0,0,0,11,0,2,0,0,0,0,0,4,0,0,0,0,0,0
CS338-00-S16,86,8,0,0,0,0,19,0,2,0,1,0,0,0,5,0,0,0,2,0,0
CS338L-59-S16,86,0,0,0,0,0,0,0,1,0,0,0,0,0,0,0,0,0,0,0,0
CS391-11-S16,86,0,0,0,0,0,0,0,1,0,0,0,0,0,0,0,0,0,0,0,0
CS391-12-S16,86,0,0,0,0,0,0,0,1,0,0,0,0,0,0,0,0,0,0,0,0
CS392-11-S16,86,0,0,0,0,0,0,0,1,0,0,0,0,0,0,0,0,0,0,0,0
CS392-12-S16,86,0,0,0,0,0,0,0,1,0,0,0,0,0,0,0,0,0,0,0,0
CS392-13-S16,86,0,0,0,0,0,0,0,1,0,0,0,0,0,0,0,0,0,0,0,0
CS392-14-S16,86,0,0,0,0,0,0,0,1,0,0,0,0,0,0,0,0,0,0,0,0
CS392-15-S16,86,0,0,0,0,0,0,0,1,0,0,0,0,0,0,0,0,0,0,0,0
CS400-00-S16,86,0,0,0,0,0,0,0,1,0,0,0,0,0,0,0,0,0,0,0,0
DANC107-00-S16,86,0,0,0,0,0,0,0,1,0,0,0,0,0,0,0,0,0,0,0,0
DANC147-00-S16,86,0,0,0,0,0,0,0,1,0,0,0,0,0,0,0,0,0,0,0,0
DANC148-00-S16,86,0,0,0,0,0,0,0,1,0,0,0,0,0,0,0,0,0,0,0,0
DANC190-00-S16,86,24,0,0,0,0,7,0,1,0,2,0,0,0,9,0,0,0,113,0,0
DANC200-00-S16,86,0,0,0,0,0,0,0,1,0,0,0,0,0,0,0,0,0,0,0,0
DANC206-00-S16,86,0,0,0,0,0,0,0,1,0,0,0,0,0,0,0,0,0,0,0,0
DANC208-00-S16,86,0,0,0,0,0,0,0,1,0,0,0,0,0,0,0,0,0,0,0,0
DANC291-11-S16,86,0,0,0,0,0,0,0,1,0,0,0,0,0,0,0,0,0,3,0,0
DANC300-00-S16,86,0,0,0,0,0,0,0,1,0,0,0,0,0,0,0,0,0,0,0,0
DANC309-00-S16,86,0,0,0,0,0,0,0,1,0,0,0,0,0,0,0,0,0,0,0,0
DANC350-00-S16,86,0,0,0,0,0,0,0,1,0,0,0,0,0,0,0,0,0,0,0,0
DANCE400-00-S16,86,0,0,0,0,0,0,0,1,0,0,0,0,0,0,0,0,0,0,0,0
ECON110-01-S16,86,0,0,0,0,0,11,0,1,0,0,0,0,0,0,0,0,0,0,0,0
ECON110-02-S16,86,13,0,0,0,0,47,0,0,0,1,0,0,0,0,25,0,0,0,0,0
ECON110-03-S16,86,0,0,0,0,0,45,0,1,0,0,0,0,0,0,0,0,0,0,0,0
ECON111-01-S16,86,3,0,0,0,0,31,1,3,0,38,0,0,0,4,2,0,0,51,0,0
ECON111-02-S16,86,5,0,0,0,0,129,0,2,0,0,0,0,0,0,0,0,0,29,0,0
ECON111-03-S16,86,0,0,0,0,0,0,0,1,0,0,0,0,0,0,0,0,0,0,0,0
ECON269-00-S16,86,10,0,0,0,0,41,0,0,0,4,0,0,0,0,24,0,0,0,0,0
ECON271-00-S16,86,9,0,0,0,0,65,1,1,0,69,0,0,0,0,0,0,0,63,0,0
ECON275-00-S16,86,0,0,0,0,0,0,0,1,0,0,0,0,0,0,0,0,0,0,0,0
ECON276-00-S16,86,0,0,0,0,0,11,0,1,0,0,0,0,0,0,0,0,0,0,0,0
ECON282-00-S16,86,0,0,0,0,0,7,4,2,0,0,0,0,0,0,0,0,0,0,0,0
ECON284-00-S16,86,2,0,0,0,0,47,1,1,0,0,0,0,0,0,0,0,0,4,0,0
ECON291-01-S16,86,0,0,0,0,0,0,0,1,0,0,0,0,0,0,0,0,0,0,0,0
ECON329-00-S16,86,0,0,0,0,0,19,0,1,0,0,0,0,0,0,0,0,0,1,0,0
ECON329-02-S16,86,3,0,1,0,0,20,0,1,0,0,0,0,0,0,0,0,0,2,0,0
ECON331-00-S16,86,0,0,0,0,0,13,5,2,0,0,0,0,0,0,0,0,0,0,0,0
ECON392-11-S16,86,0,0,0,0,0,0,0,1,0,0,0,0,0,0,0,0,0,0,0,0
ECON400-01-S16,86,0,0,0,0,0,3,0,1,0,0,0,0,0,0,0,0,0,0,0,0
ECON400-02-S16,86,0,0,0,0,0,0,0,1,0,0,0,0,0,0,0,0,0,0,0,0
ECON400-03-S16,86,0,0,0,0,0,0,0,1,0,0,0,0,0,0,0,0,0,0,0,0
ECON400-04-S16,86,0,0,0,0,0,0,0,1,0,0,0,0,0,0,0,0,0,0,0,0
EDUC110-00-S16,86,6,0,1,0,0,44,0,1,0,26,0,0,0,1,0,0,0,10,0,0
EDUC110-WL0-S16,86,0,0,0,0,0,0,0,1,0,0,0,0,0,0,0,0,0,0,0,0
EDUC225-00-S16,86,7,0,0,0,0,34,6,1,0,58,0,0,0,0,0,0,0,10,0,0
EDUC250-00-S16,86,5,0,0,0,0,25,0,2,0,27,0,0,0,0,0,0,0,21,0,0
EDUC254-00-S16,86,10,0,0,0,0,17,0,1,0,0,0,0,0,0,0,0,0,0,0,0
EDUC338-00-S16,86,12,0,0,0,0,87,8,2,0,72,0,0,0,0,0,0,0,25,0,0
EDUC365S-00-S16,86,0,0,0,0,0,0,0,1,0,0,0,0,0,0,0,0,0,0,0,0
EDUC375-00-S16,86,0,0,0,0,0,41,0,4,0,0,0,0,0,0,0,0,0,23,0,0
EDUC385-00-S16,86,0,0,0,0,0,0,0,2,0,0,0,0,0,0,0,0,0,0,0,0
EDUC386-00-S16,86,5,0,0,0,0,31,1,2,0,3,0,0,0,1,0,0,0,16,0,0
EDUC391-11-S16,86,0,0,0,0,0,0,0,1,0,0,0,0,0,0,0,0,0,0,0,0
EDUC395-00-S16,86,7,0,1,0,0,50,3,7,0,83,0,0,0,0,0,0,0,23,0,0
ENGL109-00-S16,86,10,0,0,0,0,9,0,1,0,13,0,0,0,4,0,0,0,4,0,0
ENGL109-02-S16,86,12,0,0,0,0,9,0,3,0,14,0,0,0,4,0,0,0,4,0,0
ENGL109-S16,86,12,0,0,0,0,10,0,3,0,15,0,0,0,4,0,0,0,4,0,0
ENGL115-00-S16,86,0,0,0,0,0,0,0,1,0,0,0,0,0,0,0,0,0,0,0,0
ENGL135-00-S16,86,0,0,0,0,0,0,0,1,0,0,0,0,0,0,0,0,0,0,0,0
ENGL160-00-S16,86,0,0,0,0,0,0,0,1,0,0,0,0,0,0,0,0,0,0,0,0
ENGL160-WL0-S16,86,0,0,0,0,0,0,0,1,0,0,0,0,0,0,0,0,0,0,0,0
ENGL210-00-S16,86,1,0,2,0,0,3,0,17,0,0,0,0,0,28,0,0,0,0,2,0
ENGL218-00-S16,86,0,0,0,0,0,0,0,1,0,0,0,0,0,0,0,0,0,0,0,0
ENGL220-01-S16,86,0,0,0,0,0,0,0,1,0,0,0,0,0,0,0,0,0,0,0,0
ENGL220-02-S16,86,0,0,0,0,0,0,0,1,0,0,0,0,0,0,0,0,0,0,0,0
ENGL222-00-S16,86,2,0,0,0,0,17,0,5,0,0,0,0,0,13,0,0,0,16,0,0
ENGL228-00-S16,86,0,0,0,0,0,0,0,1,0,0,0,0,0,0,0,0,0,0,0,0
ENGL229-00-S16,86,0,0,0,0,0,0,0,1,0,0,0,0,0,0,0,0,0,0,0,0
ENGL238-00-S16,86,0,0,0,0,0,0,0,1,0,0,0,0,0,0,0,0,0,0,0,0
ENGL251-00-S16,86,0,0,0,0,0,3,0,3,0,0,0,0,0,2,0,0,0,0,0,0
ENGL277-07-S16,86,0,0,0,0,0,1,0,1,0,0,0,0,0,0,0,0,0,0,0,0
ENGL279-07-S16,86,0,0,0,0,0,7,0,1,0,0,0,0,0,0,0,0,0,0,0,0
ENGL280-00-S16,86,0,0,0,0,0,0,0,1,0,0,0,0,0,0,0,0,0,0,0,0
ENGL280-WL0-S16,86,0,0,0,0,0,0,0,1,0,0,0,0,0,0,0,0,0,0,0,0
ENGL281-07-S16,86,3,0,0,0,0,12,0,1,0,0,0,0,0,0,0,0,0,0,0,0
ENGL282-07-S16,86,0,0,0,0,0,1,0,1,0,0,0,0,0,0,0,0,0,0,0,0
ENGL287-00-S16,86,0,0,0,0,0,0,0,1,0,0,0,0,0,0,0,0,0,0,0,0
ENGL328-00-S16,86,1,0,0,0,0,45,0,5,1,0,0,0,0,4,0,0,0,23,0,0
ENGL332-00-S16,86,0,0,0,0,0,0,0,1,0,0,0,0,0,0,0,0,0,0,0,0
ENGL370-00-S16,86,0,0,0,0,0,0,0,1,0,0,0,0,0,0,0,0,0,0,0,0
ENGL371-00-S16,86,0,0,0,0,0,0,0,18,0,0,0,0,0,0,0,0,0,3,0,0
ENGL391-11-S16,86,0,0,0,0,0,0,0,1,0,0,0,0,0,0,0,0,0,0,0,0
ENGL395-00-S16,86,1,0,0,0,0,14,8,8,0,0,0,0,0,1,0,0,0,29,0,0
ENGL400-00-S16,86,0,0,0,0,0,0,0,1,0,0,0,0,0,0,0,0,0,0,0,0
ENTS110-00-S16,86,0,0,0,0,0,6,0,2,0,0,0,0,0,28,0,0,0,9,0,0
ENTS110-WL0-S16,86,0,0,0,0,0,0,0,1,0,0,0,0,0,0,0,0,0,0,0,0
ENTS232-00-S16,86,5,0,0,0,0,30,0,1,0,0,0,0,0,0,0,0,0,1,0,0
ENTS244-00-S16,86,0,0,0,0,0,0,0,1,0,0,0,0,0,0,0,0,0,0,0,0
ENTS291-11-S16,86,0,0,0,0,0,0,0,1,0,0,0,0,0,0,0,0,0,0,0,0
ENTS291-12-S16,86,0,0,0,0,0,0,0,1,0,0,0,0,0,0,0,0,0,0,0,0
ENTS391-11-S16,86,0,0,0,0,0,0,0,1,0,0,0,0,0,0,0,0,0,0,0,0
ENTS391-12-S16,86,0,0,0,0,0,0,0,1,0,0,0,0,0,0,0,0,0,0,0,0
EUST159-00-S16,86,19,0,1,0,0,39,0,6,0,28,0,0,0,0,0,0,0,17,0,0
EUST398-00-S16,86,6,0,0,0,0,18,0,8,0,12,0,0,0,19,0,0,0,20,0,0
FREN103-01-S16,86,7,0,0,0,0,43,1,5,0,48,0,0,0,37,14,0,0,54,0,0
FREN103-02-S16,86,0,0,0,0,0,0,0,1,0,0,0,0,0,0,0,0,0,0,0,0
FREN103-03-S16,86,7,0,0,0,0,34,1,5,0,48,0,0,0,34,14,0,0,51,0,0
fren103-s16 (Cox),86,6,0,0,0,0,39,2,6,0,50,0,0,0,49,18,0,0,65,0,0
FREN208-07-S16,86,0,0,0,0,0,0,0,1,0,0,0,0,0,0,0,0,0,0,0,0
FREN210-00-S16,86,0,0,0,0,0,0,0,1,0,0,0,0,0,0,0,0,0,0,0,0
FREN244-00-S16,86,5,0,0,0,0,46,0,0,0,15,0,0,0,2,0,0,0,18,0,0
FREN246-07-S16,86,0,0,0,0,0,0,0,1,0,0,0,0,0,0,0,0,0,0,0,0
FREN248-07-S16,86,0,0,0,0,0,0,0,1,0,0,0,0,0,0,0,0,0,0,0,0
FREN249-07-S16,86,0,0,0,0,0,0,0,1,0,0,0,0,0,0,0,0,0,0,0,0
FREN308-00-S16,86,0,0,0,0,0,25,0,1,0,0,0,0,0,0,0,0,0,0,0,0
FREN309-00-S16,86,16,0,0,0,0,52,10,2,1,5,0,0,0,23,0,0,0,81,0,0
FREN349-07-S16,86,0,0,0,0,0,0,0,1,0,0,0,0,0,0,0,0,0,0,0,0
FREN400-00-S16,86,0,0,0,0,0,0,0,1,0,0,0,0,0,0,0,0,0,0,0,0
GEOL110-01-S16,86,0,0,0,0,0,0,0,1,0,0,0,0,0,0,0,0,0,0,0,0
GEOL110-02-S16,86,0,0,0,0,0,0,0,1,0,0,0,0,0,0,0,0,0,0,0,0
geol110-s16,86,0,0,0,0,1,15,2,2,0,11,0,0,0,0,0,0,0,0,0,0
GEOL110L-51-S16,86,0,0,0,0,0,0,0,1,0,0,0,0,0,0,0,0,0,0,0,0
GEOL110L-52-S16,86,0,0,0,0,0,0,0,1,0,0,0,0,0,0,0,0,0,0,0,0
GEOL110L-WL1-S16,86,0,0,0,0,0,0,0,1,0,0,0,0,0,0,0,0,0,0,0,0
GEOL110L-WL2-S16,86,0,0,0,0,0,0,0,1,0,0,0,0,0,0,0,0,0,0,0,0
GEOL120-01-S16,86,0,0,0,0,0,0,0,1,0,0,0,0,0,0,0,0,0,0,0,0
GEOL120-02-S16,86,10,0,0,0,1,59,7,7,0,0,0,0,0,38,0,0,0,18,0,0
GEOL120L-53-S16,86,0,0,0,0,0,0,0,1,0,0,0,0,0,0,0,0,0,0,0,0
GEOL120L-54-S16,86,0,0,0,0,0,0,0,1,0,0,0,0,0,0,0,0,0,0,0,0
GEOL120L-WL3-S16,86,0,0,0,0,0,0,0,1,0,0,0,0,0,0,0,0,0,0,0,0
GEOL120L-WL4-S16,86,0,0,0,0,0,0,0,1,0,0,0,0,0,0,0,0,0,0,0,0
GEOL230-00-S16,86,0,0,0,0,0,0,0,1,0,0,0,0,0,0,0,0,0,0,0,0
GEOL230L-51-S16,86,0,0,0,0,0,0,0,1,0,0,0,0,0,0,0,0,0,0,0,0
GEOL230L-52-S16,86,0,0,0,0,0,0,0,1,0,0,0,0,0,0,0,0,0,0,0,0
GEOL255-00-S16,86,0,0,0,0,0,0,0,1,0,0,0,0,0,0,0,0,0,0,0,0
GEOL255L-53-S16,86,0,0,0,0,0,0,0,1,0,0,0,0,0,0,0,0,0,0,0,0
GEOL255L-54-S16,86,0,0,0,0,0,0,0,1,0,0,0,0,0,0,0,0,0,0,0,0
GEOL291-11-S16,86,0,0,0,0,0,0,0,1,0,0,0,0,0,0,0,0,0,0,0,0
GEOL291-12-S16,86,0,0,0,0,0,0,0,1,0,0,0,0,0,0,0,0,0,0,0,0
GEOL370-00-S16,86,0,0,0,0,0,32,26,1,0,0,0,0,0,2,1,0,0,19,0,0
GEOL370L-52-S16,86,0,0,0,0,0,0,0,1,0,0,0,0,0,0,0,0,0,0,0,0
GEOL391-11-S16,86,0,0,0,0,0,0,0,1,0,0,0,0,0,0,0,0,0,0,0,0
GEOL391-12-S16,86,0,0,0,0,0,0,0,1,0,0,0,0,0,0,0,0,0,0,0,0
GEOL400-00-S16,86,0,0,0,0,0,0,0,1,0,0,0,0,0,0,0,0,0,0,0,0
GERM103-01-S16,86,0,0,0,0,0,0,0,1,0,0,0,0,0,0,0,0,0,0,0,0
GERM103-02-S16,86,0,0,0,0,0,0,0,1,0,0,0,0,0,0,0,0,0,0,0,0
germ103-s16,86,3,0,0,0,0,6,1,1,0,0,0,0,0,20,0,0,0,1,0,0
GERM233-00-S16,86,0,0,0,0,0,9,0,1,0,0,0,0,0,0,0,0,0,2,0,0
GERM247-00-S16,86,1,0,0,0,0,19,0,1,0,0,0,0,0,0,0,0,0,0,0,0
GERM253-00-S16,86,0,0,0,0,0,25,0,1,0,0,0,0,0,0,0,0,0,0,0,0
Glassblowing2016,86,0,0,0,0,0,0,0,1,0,0,0,0,0,0,0,0,0,0,0,0
GRK102-00-S16,86,37,0,0,0,1,8,1,2,0,10,0,0,0,0,0,0,0,2,0,0
GRK244-00-S16,86,2,0,0,0,0,0,0,2,0,0,0,0,0,2,0,0,0,3,1,0
GRK291-11-S16,86,0,0,0,0,0,0,0,1,0,0,0,0,0,0,0,0,0,0,0,0
HIST125-00-S16,86,5,0,0,0,0,0,20,13,0,0,0,0,0,0,0,0,0,1,0,0
HIST130-00-S16,86,0,0,0,0,0,0,0,1,0,0,0,0,0,0,0,0,0,0,0,0
HIST153-00-S16,86,0,0,0,0,0,14,0,25,0,0,0,0,0,0,0,0,0,0,0,0
HIST161-00-S16,86,0,0,0,0,0,55,0,1,0,46,0,0,0,0,0,0,0,2,0,0
HIST181-00-S16,86,3,0,0,0,0,25,0,6,0,19,0,0,0,0,0,0,0,5,0,0
HIST215-00-S16,86,5,0,0,0,0,14,0,2,0,0,0,0,0,0,0,0,0,0,0,0
HIST217-00-S16,86,1,0,0,0,0,1,4,8,0,2,0,0,0,12,0,0,0,0,0,0
HIST219-00-S16,86,8,0,0,0,0,0,20,12,0,0,0,0,0,0,0,0,0,1,0,0
HIST229-00-S16,86,0,0,0,0,0,0,0,1,0,0,0,0,0,0,0,0,0,0,0,0
HIST234-00-S16,86,14,0,0,0,0,32,0,10,0,0,0,0,0,0,0,0,0,0,0,0
HIST237-00-S16,86,4,0,0,0,0,18,10,17,0,0,0,0,0,28,0,0,0,0,0,0
HIST261-00-S16,86,0,0,0,0,0,37,0,1,0,0,0,0,0,0,0,0,0,0,0,0
HIST263-00-S16,86,1,0,0,0,0,37,0,1,0,43,0,0,0,0,0,0,0,2,0,0
HIST264-07-S16,86,0,0,0,0,0,9,4,1,0,0,0,0,0,0,0,0,0,0,0,0
HIST269-07-S16,86,0,0,0,0,0,10,0,1,0,0,0,0,0,0,0,0,0,0,0,0
HIST274-00-S16,86,5,0,1,0,0,8,0,3,0,7,0,0,0,11,0,0,0,33,0,0
HIST280-00-S16,86,6,0,0,0,0,79,3,11,0,30,0,0,0,2,0,0,0,33,0,0
HIST291-11-S16,86,0,0,0,0,0,0,0,1,0,0,0,0,0,0,0,0,0,0,0,0
HIST291-12-S16,86,0,0,0,0,0,0,0,1,0,0,0,0,0,0,0,0,0,0,0,0
HIST291-13-S16,86,0,0,0,0,0,0,0,1,0,0,0,0,0,0,0,0,0,0,0,0
HIST307-00-S16,86,0,0,0,0,0,0,0,1,0,0,0,0,0,0,0,0,0,0,0,0
HIST324-00-S16,86,0,0,0,0,0,0,0,1,0,0,0,0,0,0,0,0,0,0,0,0
HIST395-00-S16,86,0,0,0,0,0,0,0,1,0,0,0,0,0,0,0,0,0,0,0,0
IDSC198-00-S16,86,8,0,0,0,0,6,0,1,0,0,0,0,0,0,0,0,0,0,0,0
IDSC202-00-S16,86,0,0,0,0,0,0,0,1,0,0,0,0,0,0,0,0,0,1,0,0
IDSC251-01-S16,86,0,0,0,0,0,0,0,1,0,0,0,0,0,0,0,0,0,0,0,0
IDSC251-02-S16,86,0,0,0,0,0,0,0,1,0,0,0,0,0,0,0,0,0,0,0,0
IDSC280-00-S16,86,0,0,0,0,0,0,0,1,0,0,0,0,0,0,0,0,0,0,0,0
IDSC289-00-S16,86,0,0,0,0,0,6,0,1,0,0,0,0,0,1,0,0,0,0,0,0
IDSC298-00-S16,86,2,0,0,0,0,0,1,1,0,0,0,0,0,0,0,0,0,0,0,0
IDSC398-00-S16,86,0,0,0,0,0,0,0,1,0,0,0,0,0,0,0,0,0,0,0,0
interns-S16,86,4,0,0,0,0,6,0,1,0,0,0,0,0,0,0,0,0,9,0,0
JAPN103-01-S16,86,0,0,0,0,0,0,0,1,0,0,0,0,0,0,0,0,0,0,0,0
JAPN103-02-S16,86,0,0,0,0,0,4,0,1,0,0,0,0,0,0,0,0,0,0,0,0
JAPN206-00-S16,86,6,0,0,0,0,107,1,1,0,0,0,0,0,2,0,0,0,4,0,0
JAPN310-00-S16,86,0,0,0,0,0,0,0,1,0,0,0,0,0,0,0,0,0,0,0,0
LATN103-00-S16,86,0,0,0,0,0,2,0,1,0,0,0,0,0,0,0,0,0,0,0,0
LCST101-07-S16,86,0,0,0,0,0,0,0,1,0,0,0,0,0,0,0,0,0,0,0,0
LCST291-11-S16,86,0,0,0,0,0,0,0,1,0,0,0,0,0,0,0,0,0,0,0,0
LCST391-11-S16,86,0,0,0,0,0,0,0,1,0,0,0,0,0,0,0,0,0,0,0,0
LING110-00-S16,86,8,0,0,0,1,58,0,2,0,1,0,0,0,2,0,0,0,77,0,0
LING110-WL0-S16,86,0,0,0,0,0,0,0,1,0,0,0,0,0,0,0,0,0,0,0,0
LING115-00-S16,86,0,0,0,0,0,120,0,1,0,0,0,0,0,0,0,0,0,2,0,0
LING115-WL0-S16,86,0,0,0,0,0,0,0,1,0,0,0,0,0,0,0,0,0,0,0,0
LING280-00-S16,86,3,0,0,0,0,31,3,2,0,1,0,0,0,0,0,0,0,36,0,0
LING285-07-S16,86,0,0,0,0,0,19,0,1,0,0,0,0,0,0,0,0,0,0,0,0
LING286-07-S16,86,0,0,0,0,0,0,0,1,0,0,0,0,0,0,0,0,0,0,0,0
LING291-11-S16,86,0,0,0,0,0,0,0,1,0,0,0,0,0,0,0,0,0,0,0,0
LING392-11-S16,86,0,0,0,0,0,0,0,1,0,0,0,0,0,0,0,0,0,0,0,0
LTAM110-00-S16,86,0,0,0,0,0,4,1,1,0,1,0,0,0,2,0,0,0,18,0,0
LTAM291-11-S16,86,0,0,0,0,0,0,0,1,0,0,0,0,0,0,0,0,0,0,0,0
LTAM300-00-S16,86,0,0,0,0,0,34,0,3,0,12,0,0,0,0,0,0,0,0,0,0
LTAM398-00-S16,86,0,0,0,0,0,4,0,1,0,0,0,0,0,0,0,0,0,0,0,0
LTAM400-00-S16,86,0,0,0,0,0,0,0,1,0,0,0,0,0,0,0,0,0,0,0,0
MATH121-00-S16,86,24,0,0,0,0,11,0,2,0,0,0,0,0,0,0,0,0,0,0,0
MATH211-01-S16,86,23,0,0,0,0,89,7,1,0,44,0,0,0,1,0,0,0,21,0,0
MATH211-02-S16,86,24,0,0,0,0,11,0,2,0,0,0,0,0,0,0,0,0,2,0,0
MATH215-01-S16,86,0,0,0,0,0,8,0,1,0,25,0,0,0,1,0,0,0,13,0,0
MATH215-02-S16,86,13,0,0,0,0,28,0,1,0,28,0,0,0,0,0,0,0,0,0,0
MATH215-WL1-S16,86,0,0,0,0,0,0,0,1,0,0,0,0,0,0,0,0,0,0,0,0
MATH232-01-S16,86,0,0,0,0,0,0,0,1,0,0,0,0,0,0,0,0,0,0,0,0
MATH232-02-S16,86,0,0,0,0,0,0,0,1,0,0,0,0,0,1,0,0,0,0,0,0
MATH236-00-S16,86,0,0,0,0,0,0,0,1,0,0,0,0,0,0,0,0,0,0,0,0
MATH241-00-S16,86,0,0,0,0,0,0,0,1,0,0,0,0,0,0,0,0,0,0,0,0
MATH245-00-S16,86,0,0,0,0,0,0,0,2,0,49,0,0,0,2,0,0,0,0,0,0
MATH275-00-S16,86,12,0,0,0,0,34,0,1,0,0,0,0,0,0,0,0,0,1,0,0
MATH280-00-S16,86,1,0,0,0,0,0,0,1,0,10,0,0,0,0,0,0,0,0,0,0
MATH291-11-S16,86,0,0,0,0,0,0,0,1,0,0,0,0,0,0,0,0,0,0,0,0
MATH291-12-S16,86,0,0,0,0,0,0,0,1,0,0,0,0,0,0,0,0,0,0,0,0
MATH291-13-S16,86,0,0,0,0,0,0,0,1,0,0,0,0,0,0,0,0,0,0,0,0
MATH292-11-S16,86,0,0,0,0,0,0,0,1,0,0,0,0,0,0,0,0,0,0,0,0
MATH295-00-S16,86,0,0,0,0,0,12,0,1,0,0,0,0,0,0,0,0,0,0,0,0
MATH297-00-S16,86,0,0,0,0,0,0,0,1,0,0,0,0,0,0,0,0,0,0,0,0
MATH315-00-S16,86,0,0,0,0,0,0,0,0,0,26,0,0,0,0,0,0,0,0,0,0
MATH321-00-S16,86,12,0,0,0,0,3,0,1,0,0,0,0,0,0,0,0,0,0,0,0
MATH341-00-S16,86,28,0,0,0,0,34,0,1,0,21,0,0,0,1,0,0,0,6,0,0
MATH352-00-S16,86,0,0,0,0,0,0,0,1,0,1,0,0,0,0,0,0,0,0,0,0
MATH361-00-S16,86,0,0,0,0,0,0,0,1,0,0,0,0,0,0,0,0,0,0,0,0
MATH391-11-S16,86,0,0,0,0,0,0,0,1,0,0,0,0,0,0,0,0,0,0,0,0
MATH391-12-S16,86,0,0,0,0,0,0,0,1,0,0,0,0,0,0,0,0,0,0,0,0
MATH391-13-S16,86,0,0,0,0,0,0,0,1,0,0,0,0,0,0,0,0,0,0,0,0
MATH392-11-S16,86,0,0,0,0,0,0,0,1,0,0,0,0,0,0,0,0,0,0,0,0
MATH392-12-S16,86,0,0,0,0,0,0,0,1,0,0,0,0,0,0,0,0,0,0,0,0
MATH395-00-S16,86,0,0,0,0,0,57,0,1,0,0,0,0,0,0,0,0,0,2,0,0
MATH400-01-S16,86,0,0,0,0,0,0,0,1,0,0,0,0,0,0,0,0,0,0,0,0
MATH400-02-S16,86,0,0,0,0,0,0,0,1,0,0,0,0,0,0,0,0,0,0,0,0
MATH400-03-S16,86,0,0,0,0,0,0,0,1,0,0,0,0,0,0,0,0,0,0,0,0
MATH400-04-S16,86,0,0,0,0,0,0,0,1,0,0,0,0,0,0,0,0,0,0,0,0
MATH400-05-S16,86,0,0,0,0,0,0,0,1,0,0,0,0,0,0,0,0,0,0,0,0
MUSC101-00-S16,86,0,0,0,0,0,0,0,1,0,0,0,0,0,0,0,0,0,0,0,0
MUSC101-01-S16,86,0,0,0,0,1,9,0,1,0,0,0,0,0,0,0,0,0,0,0,0
MUSC150-00-S16,86,0,0,0,0,0,0,0,1,0,0,0,0,0,0,0,0,0,0,0,0
MUSC150-01-S16,86,0,0,0,0,0,0,0,1,0,0,0,0,0,0,0,0,0,0,0,0
MUSC150-02-S16,86,0,0,0,0,0,0,0,1,0,0,0,0,0,0,0,0,0,0,0,0
MUSC150-03-S16,86,0,0,0,0,0,0,0,1,0,0,0,0,0,0,0,0,0,0,0,0
MUSC150-04-S16,86,0,0,0,0,0,0,0,1,0,0,0,0,0,0,0,0,0,0,0,0
MUSC150J-00-S16,86,0,0,0,0,0,0,0,1,0,0,0,0,0,0,0,0,0,0,0,0
MUSC150J-01-S16,86,0,0,0,0,0,0,0,1,0,0,0,0,0,0,0,0,0,0,0,0
MUSC150J-02-S16,86,0,0,0,0,0,0,0,1,0,0,0,0,0,0,0,0,0,0,0,0
MUSC150J-03-S16,86,0,0,0,0,0,0,0,1,0,0,0,0,0,0,0,0,0,0,0,0
MUSC150J-04-S16,86,0,0,0,0,0,0,0,1,0,0,0,0,0,0,0,0,0,0,0,0
MUSC151-00-S16,86,0,0,0,0,0,0,0,1,0,0,0,0,0,0,0,0,0,0,0,0
MUSC151-01-S16,86,0,0,0,0,0,0,0,1,0,0,0,0,0,0,0,0,0,0,0,0
MUSC151-02-S16,86,0,0,0,0,0,0,0,1,0,0,0,0,0,0,0,0,0,0,0,0
MUSC151-03-S16,86,0,0,0,0,0,0,0,1,0,0,0,0,0,0,0,0,0,0,0,0
MUSC151-04-S16,86,0,0,0,0,0,0,0,1,0,0,0,0,0,0,0,0,0,0,0,0
MUSC151-05-S16,86,0,0,0,0,0,0,0,1,0,0,0,0,0,0,0,0,0,0,0,0
MUSC151J-00-S16,86,0,0,0,0,0,0,0,1,0,0,0,0,0,0,0,0,0,0,0,0
MUSC151J-01-S16,86,0,0,0,0,0,0,0,1,0,0,0,0,0,0,0,0,0,0,0,0
MUSC151J-02-S16,86,0,0,0,0,0,0,0,1,0,0,0,0,0,0,0,0,0,0,0,0
MUSC151J-03-S16,86,0,0,0,0,0,0,0,1,0,0,0,0,0,0,0,0,0,0,0,0
MUSC151J-04-S16,86,0,0,0,0,0,0,0,1,0,0,0,0,0,0,0,0,0,0,0,0
MUSC151J-05-S16,86,0,0,0,0,0,0,0,1,0,0,0,0,0,0,0,0,0,0,0,0
MUSC152-00-S16,86,0,0,0,0,0,0,0,1,0,0,0,0,0,0,0,0,0,0,0,0
MUSC152J-00-S16,86,0,0,0,0,0,0,0,1,0,0,0,0,0,0,0,0,0,0,0,0
MUSC155-00-S16,86,0,0,0,0,0,0,0,1,0,0,0,0,0,0,0,0,0,0,0,0
MUSC155-01-S16,86,0,0,0,0,0,0,0,1,0,0,0,0,0,0,0,0,0,0,0,0
MUSC155-02-S16,86,0,0,0,0,0,0,0,1,0,0,0,0,0,0,0,0,0,0,0,0
MUSC155-03-S16,86,0,0,0,0,0,0,0,1,0,0,0,0,0,0,0,0,0,0,0,0
MUSC155J-00-S16,86,0,0,0,0,0,0,0,1,0,0,0,0,0,0,0,0,0,0,0,0
MUSC155J-01-S16,86,0,0,0,0,0,0,0,1,0,0,0,0,0,0,0,0,0,0,0,0
MUSC155J-02-S16,86,0,0,0,0,0,0,0,1,0,0,0,0,0,0,0,0,0,0,0,0
MUSC155J-03-S16,86,0,0,0,0,0,0,0,1,0,0,0,0,0,0,0,0,0,0,0,0
MUSC156-00-S16,86,0,0,0,0,0,0,0,1,0,0,0,0,0,0,0,0,0,0,0,0
MUSC156-01-S16,86,0,0,0,0,0,0,0,1,0,0,0,0,0,0,0,0,0,0,0,0
MUSC156-02-S16,86,0,0,0,0,0,0,0,1,0,0,0,0,0,0,0,0,0,0,0,0
MUSC156-03-S16,86,0,0,0,0,0,0,0,1,0,0,0,0,0,0,0,0,0,0,0,0
MUSC156J-00-S16,86,0,0,0,0,0,0,0,1,0,0,0,0,0,0,0,0,0,0,0,0
MUSC156J-01-S16,86,0,0,0,0,0,0,0,1,0,0,0,0,0,0,0,0,0,0,0,0
MUSC156J-02-S16,86,0,0,0,0,0,0,0,1,0,0,0,0,0,0,0,0,0,0,0,0
MUSC156J-03-S16,86,0,0,0,0,0,0,0,1,0,0,0,0,0,0,0,0,0,0,0,0
MUSC157-00-S16,86,0,0,0,0,0,0,0,1,0,0,0,0,0,0,0,0,0,0,0,0
MUSC157-01-S16,86,0,0,0,0,0,0,0,1,0,0,0,0,0,0,0,0,0,0,0,0
MUSC157J-00-S16,86,0,0,0,0,0,0,0,1,0,0,0,0,0,0,0,0,0,0,0,0
MUSC157J-01-S16,86,0,0,0,0,0,0,0,1,0,0,0,0,0,0,0,0,0,0,0,0
MUSC158-00-S16,86,0,0,0,0,0,0,0,1,0,0,0,0,0,0,0,0,0,0,0,0
MUSC158J-00-S16,86,0,0,0,0,0,0,0,1,0,0,0,0,0,0,0,0,0,0,0,0
MUSC159-00-S16,86,0,0,0,0,0,0,0,1,0,0,0,0,0,0,0,0,0,0,0,0
MUSC159J-00-S16,86,0,0,0,0,0,0,0,1,0,0,0,0,0,0,0,0,0,0,0,0
MUSC160-01-S16,86,0,0,0,0,0,0,0,1,0,0,0,0,0,0,0,0,0,0,0,0
MUSC160-02-S16,86,0,0,0,0,0,0,0,1,0,0,0,0,0,0,0,0,0,0,0,0
MUSC160J-01-S16,86,0,0,0,0,0,0,0,1,0,0,0,0,0,0,0,0,0,0,0,0
MUSC160J-02-S16,86,0,0,0,0,0,0,0,1,0,0,0,0,0,0,0,0,0,0,0,0
MUSC161-00-S16,86,0,0,0,0,0,0,0,1,0,0,0,0,0,0,0,0,0,0,0,0
MUSC161J-00-S16,86,0,0,0,0,0,0,0,1,0,0,0,0,0,0,0,0,0,0,0,0
MUSC162-00-S16,86,0,0,0,0,0,0,0,1,0,0,0,0,0,0,0,0,0,0,0,0
MUSC162J-00-S16,86,0,0,0,0,0,0,0,1,0,0,0,0,0,0,0,0,0,0,0,0
MUSC163-00-S16,86,0,0,0,0,0,0,0,1,0,0,0,0,0,0,0,0,0,0,0,0
MUSC163J-00-S16,86,0,0,0,0,0,0,0,1,0,0,0,0,0,0,0,0,0,0,0,0
MUSC164-00-S16,86,0,0,0,0,0,0,0,1,0,0,0,0,0,0,0,0,0,0,0,0
MUSC164J-00-S16,86,0,0,0,0,0,0,0,1,0,0,0,0,0,0,0,0,0,0,0,0
MUSC165-00-S16,86,0,0,0,0,0,0,0,1,0,0,0,0,0,0,0,0,0,0,0,0
MUSC165J-00-S16,86,0,0,0,0,0,0,0,1,0,0,0,0,0,0,0,0,0,0,0,0
MUSC166-01-S16,86,0,0,0,0,0,0,0,1,0,0,0,0,0,0,0,0,0,0,0,0
MUSC166-02-S16,86,0,0,0,0,0,0,0,1,0,0,0,0,0,0,0,0,0,0,0,0
MUSC166J-01-S16,86,0,0,0,0,0,0,0,1,0,0,0,0,0,0,0,0,0,0,0,0
MUSC166J-02-S16,86,0,0,0,0,0,0,0,1,0,0,0,0,0,0,0,0,0,0,0,0
MUSC167-00-S16,86,0,0,0,0,0,0,0,1,0,0,0,0,0,0,0,0,0,0,0,0
MUSC167J-00-S16,86,0,0,0,0,0,0,0,1,0,0,0,0,0,0,0,0,0,0,0,0
MUSC168-00-S16,86,0,0,0,0,0,0,0,1,0,0,0,0,0,0,0,0,0,0,0,0
MUSC168J-00-S16,86,0,0,0,0,0,0,0,1,0,0,0,0,0,0,0,0,0,0,0,0
MUSC169-00-S16,86,0,0,0,0,0,0,0,1,0,0,0,0,0,0,0,0,0,0,0,0
MUSC169J-00-S16,86,0,0,0,0,0,0,0,1,0,0,0,0,0,0,0,0,0,0,0,0
MUSC170-00-S16,86,0,0,0,0,0,0,0,1,0,0,0,0,0,0,0,0,0,0,0,0
MUSC170J-00-S16,86,0,0,0,0,0,0,0,1,0,0,0,0,0,0,0,0,0,0,0,0
MUSC171-00-S16,86,0,0,0,0,0,0,0,1,0,0,0,0,0,0,0,0,0,0,0,0
MUSC171J-00-S16,86,0,0,0,0,0,0,0,1,0,0,0,0,0,0,0,0,0,0,0,0
MUSC172-00-S16,86,0,0,0,0,0,0,0,1,0,0,0,0,0,0,0,0,0,0,0,0
MUSC172J-00-S16,86,0,0,0,0,0,0,0,1,0,0,0,0,0,0,0,0,0,0,0,0
MUSC174-00-S16,86,0,0,0,0,0,0,0,1,0,0,0,0,0,0,0,0,0,0,0,0
MUSC174J-00-S16,86,0,0,0,0,0,0,0,1,0,0,0,0,0,0,0,0,0,0,0,0
MUSC175-00-S16,86,0,0,0,0,0,0,0,1,0,0,0,0,0,0,0,0,0,0,0,0
MUSC175J-00-S16,86,0,0,0,0,0,0,0,1,0,0,0,0,0,0,0,0,0,0,0,0
MUSC176-00-S16,86,0,0,0,0,0,0,0,1,0,0,0,0,0,0,0,0,0,0,0,0
MUSC176J-00-S16,86,0,0,0,0,0,0,0,1,0,0,0,0,0,0,0,0,0,0,0,0
MUSC177-00-S16,86,0,0,0,0,0,0,0,1,0,0,0,0,0,0,0,0,0,0,0,0
MUSC177J-00-S16,86,0,0,0,0,0,0,0,1,0,0,0,0,0,0,0,0,0,0,0,0
MUSC178-00-S16,86,0,0,0,0,0,0,0,1,0,0,0,0,0,0,0,0,0,0,0,0
MUSC178J-00-S16,86,0,0,0,0,0,0,0,1,0,0,0,0,0,0,0,0,0,0,0,0
MUSC179-00-S16,86,0,0,0,0,0,0,0,1,0,0,0,0,0,0,0,0,0,0,0,0
MUSC179J-00-S16,86,0,0,0,0,0,0,0,1,0,0,0,0,0,0,0,0,0,0,0,0
MUSC180-00-S16,86,0,0,0,0,0,0,0,1,0,0,0,0,0,0,0,0,0,0,0,0
MUSC180J-00-S16,86,0,0,0,0,0,0,0,1,0,0,0,0,0,0,0,0,0,0,0,0
MUSC181-00-S16,86,0,0,0,0,0,0,0,1,0,0,0,0,0,0,0,0,0,0,0,0
MUSC181J-00-S16,86,0,0,0,0,0,0,0,1,0,0,0,0,0,0,0,0,0,0,0,0
MUSC182-00-S16,86,0,0,0,0,0,0,0,1,0,0,0,0,0,0,0,0,0,0,0,0
MUSC182J-00-S16,86,0,0,0,0,0,0,0,1,0,0,0,0,0,0,0,0,0,0,0,0
MUSC183-00-S16,86,0,0,0,0,0,0,0,1,0,0,0,0,0,0,0,0,0,0,0,0
MUSC183J-00-S16,86,0,0,0,0,0,0,0,1,0,0,0,0,0,0,0,0,0,0,0,0
MUSC184-00-S16,86,0,0,0,0,0,0,0,1,0,0,0,0,0,0,0,0,0,0,0,0
MUSC184J-00-S16,86,0,0,0,0,0,0,0,1,0,0,0,0,0,0,0,0,0,0,0,0
MUSC185-01-S16,86,0,0,0,0,0,0,0,1,0,0,0,0,0,0,0,0,0,0,0,0
MUSC185-02-S16,86,0,0,0,0,0,0,0,1,0,0,0,0,0,0,0,0,0,0,0,0
MUSC186-00-S16,86,0,0,0,0,0,0,0,1,0,0,0,0,0,0,0,0,0,0,0,0
MUSC187-00-S16,86,0,0,0,0,0,5,0,1,0,0,0,0,0,0,0,0,0,0,0,0
MUSC188-00-S16,86,0,0,0,0,0,0,0,1,0,0,0,0,0,0,0,0,0,0,0,0
MUSC189-00-S16,86,0,0,0,0,0,0,0,1,0,0,0,0,0,0,0,0,0,0,0,0
MUSC190-00-S16,86,0,0,0,0,0,0,0,1,0,0,0,0,0,0,0,0,0,0,0,0
MUSC191-00-S16,86,0,0,0,0,0,0,0,1,0,0,0,0,0,0,0,0,0,0,0,0
MUSC192-00-S16,86,0,0,0,0,0,0,0,1,0,0,0,0,0,0,0,0,0,0,0,0
MUSC194-00-S16,86,0,0,0,0,0,0,0,1,0,0,0,0,0,0,0,0,0,0,0,0
MUSC194-01-S16,86,0,0,0,0,0,0,0,1,0,0,0,0,0,0,0,0,0,0,0,0
MUSC194-02-S16,86,0,0,0,0,0,0,0,1,0,0,0,0,0,0,0,0,0,0,0,0
MUSC194-03-S16,86,0,0,0,0,0,0,0,1,0,0,0,0,0,0,0,0,0,0,0,0
MUSC194-04-S16,86,0,0,0,0,0,0,0,1,0,0,0,0,0,0,0,0,0,0,0,0
MUSC194-05-S16,86,0,0,0,0,0,0,0,1,0,0,0,0,0,0,0,0,0,0,0,0
MUSC194-06-S16,86,0,0,0,0,0,0,0,1,0,0,0,0,0,0,0,0,0,0,0,0
MUSC194-08-S16,86,0,0,0,0,0,0,0,1,0,0,0,0,0,0,0,0,0,0,0,0
MUSC194-09-S16,86,0,0,0,0,0,0,0,1,0,0,0,0,0,0,0,0,0,0,0,0
MUSC195-00-S16,86,0,0,0,0,0,0,0,1,0,0,0,0,0,0,0,0,0,0,0,0
MUSC197-00-S16,86,0,0,0,0,0,0,0,1,0,0,0,0,0,0,0,0,0,0,0,0
MUSC199-00-S16,86,0,0,0,0,0,0,0,1,0,0,0,0,0,0,0,0,0,0,0,0
MUSC208-00-S16,86,4,0,0,0,1,8,0,1,0,0,0,0,0,0,0,0,0,6,0,0
MUSC227-00-S16,86,0,0,0,0,0,0,0,1,0,0,0,0,0,0,0,0,0,0,0,0
MUSC228-01-S16,86,0,0,0,0,0,0,0,1,0,0,0,0,0,0,0,0,0,0,0,0
MUSC228-02-S16,86,0,0,0,0,0,0,0,1,0,0,0,0,0,0,0,0,0,0,0,0
MUSC236-00-S16,86,0,0,0,0,0,12,0,1,0,0,0,0,0,0,0,0,0,13,0,0
MUSC250-00-S16,86,0,0,0,0,0,0,0,1,0,0,0,0,0,0,0,0,0,0,0,0
MUSC250-01-S16,86,0,0,0,0,0,0,0,1,0,0,0,0,0,0,0,0,0,0,0,0
MUSC250-02-S16,86,0,0,0,0,0,0,0,1,0,0,0,0,0,0,0,0,0,0,0,0
MUSC250-03-S16,86,0,0,0,0,0,0,0,1,0,0,0,0,0,0,0,0,0,0,0,0
MUSC250-04-S16,86,0,0,0,0,0,0,0,1,0,0,0,0,0,0,0,0,0,0,0,0
MUSC250J-00-S16,86,0,0,0,0,0,0,0,1,0,0,0,0,0,0,0,0,0,0,0,0
MUSC250J-01-S16,86,0,0,0,0,0,0,0,1,0,0,0,0,0,0,0,0,0,0,0,0
MUSC250J-02-S16,86,0,0,0,0,0,0,0,1,0,0,0,0,0,0,0,0,0,0,0,0
MUSC250J-03-S16,86,0,0,0,0,0,0,0,1,0,0,0,0,0,0,0,0,0,0,0,0
MUSC250J-04-S16,86,0,0,0,0,0,0,0,1,0,0,0,0,0,0,0,0,0,0,0,0
MUSC251-00-S16,86,0,0,0,0,0,0,0,1,0,0,0,0,0,0,0,0,0,0,0,0
MUSC251-01-S16,86,0,0,0,0,0,0,0,1,0,0,0,0,0,0,0,0,0,0,0,0
MUSC251-02-S16,86,0,0,0,0,0,0,0,1,0,0,0,0,0,0,0,0,0,0,0,0
MUSC251-03-S16,86,0,0,0,0,0,0,0,1,0,0,0,0,0,0,0,0,0,0,0,0
MUSC251-04-S16,86,0,0,0,0,0,0,0,1,0,0,0,0,0,0,0,0,0,0,0,0
MUSC251-05-S16,86,0,0,0,0,0,0,0,1,0,0,0,0,0,0,0,0,0,0,0,0
MUSC251J-00-S16,86,0,0,0,0,0,0,0,1,0,0,0,0,0,0,0,0,0,0,0,0
MUSC251J-01-S16,86,0,0,0,0,0,0,0,1,0,0,0,0,0,0,0,0,0,0,0,0
MUSC251J-02-S16,86,0,0,0,0,0,0,0,1,0,0,0,0,0,0,0,0,0,0,0,0
MUSC251J-03-S16,86,0,0,0,0,0,0,0,1,0,0,0,0,0,0,0,0,0,0,0,0
MUSC251J-04-S16,86,0,0,0,0,0,0,0,1,0,0,0,0,0,0,0,0,0,0,0,0
MUSC251J-05-S16,86,0,0,0,0,0,0,0,1,0,0,0,0,0,0,0,0,0,0,0,0
MUSC252-00-S16,86,0,0,0,0,0,0,0,1,0,0,0,0,0,0,0,0,0,0,0,0
MUSC252J-00-S16,86,0,0,0,0,0,0,0,1,0,0,0,0,0,0,0,0,0,0,0,0
MUSC255-00-S16,86,0,0,0,0,0,0,0,1,0,0,0,0,0,0,0,0,0,0,0,0
MUSC255-01-S16,86,0,0,0,0,0,0,0,1,0,0,0,0,0,0,0,0,0,0,0,0
MUSC255-02-S16,86,0,0,0,0,0,0,0,1,0,0,0,0,0,0,0,0,0,0,0,0
MUSC255-03-S16,86,0,0,0,0,0,0,0,1,0,0,0,0,0,0,0,0,0,0,0,0
MUSC255J-00-S16,86,0,0,0,0,0,0,0,1,0,0,0,0,0,0,0,0,0,0,0,0
MUSC255J-01-S16,86,0,0,0,0,0,0,0,1,0,0,0,0,0,0,0,0,0,0,0,0
MUSC255J-02-S16,86,0,0,0,0,0,0,0,1,0,0,0,0,0,0,0,0,0,0,0,0
MUSC255J-03-S16,86,0,0,0,0,0,0,0,1,0,0,0,0,0,0,0,0,0,0,0,0
MUSC256-00-S16,86,0,0,0,0,0,0,0,1,0,0,0,0,0,0,0,0,0,0,0,0
MUSC256-01-S16,86,0,0,0,0,0,0,0,1,0,0,0,0,0,0,0,0,0,0,0,0
MUSC256-02-S16,86,0,0,0,0,0,0,0,1,0,0,0,0,0,0,0,0,0,0,0,0
MUSC256-03-S16,86,0,0,0,0,0,0,0,1,0,0,0,0,0,0,0,0,0,0,0,0
MUSC256J-00-S16,86,0,0,0,0,0,0,0,1,0,0,0,0,0,0,0,0,0,0,0,0
MUSC256J-01-S16,86,0,0,0,0,0,0,0,1,0,0,0,0,0,0,0,0,0,0,0,0
MUSC256J-02-S16,86,0,0,0,0,0,0,0,1,0,0,0,0,0,0,0,0,0,0,0,0
MUSC256J-03-S16,86,0,0,0,0,0,0,0,1,0,0,0,0,0,0,0,0,0,0,0,0
MUSC257-00-S16,86,0,0,0,0,0,0,0,1,0,0,0,0,0,0,0,0,0,0,0,0
MUSC257-01-S16,86,0,0,0,0,0,0,0,1,0,0,0,0,0,0,0,0,0,0,0,0
MUSC257J-00-S16,86,0,0,0,0,0,0,0,1,0,0,0,0,0,0,0,0,0,0,0,0
MUSC257J-01-S16,86,0,0,0,0,0,0,0,1,0,0,0,0,0,0,0,0,0,0,0,0
MUSC258-00-S16,86,0,0,0,0,0,0,0,1,0,0,0,0,0,0,0,0,0,0,0,0
MUSC258J-00-S16,86,0,0,0,0,0,0,0,1,0,0,0,0,0,0,0,0,0,0,0,0
MUSC259-00-S16,86,0,0,0,0,0,0,0,1,0,0,0,0,0,0,0,0,0,0,0,0
MUSC259J-00-S16,86,0,0,0,0,0,0,0,1,0,0,0,0,0,0,0,0,0,0,0,0
MUSC260-01-S16,86,0,0,0,0,0,0,0,1,0,0,0,0,0,0,0,0,0,0,0,0
MUSC260-02-S16,86,0,0,0,0,0,0,0,1,0,0,0,0,0,0,0,0,0,0,0,0
MUSC260J-01-S16,86,0,0,0,0,0,0,0,1,0,0,0,0,0,0,0,0,0,0,0,0
MUSC260J-02-S16,86,0,0,0,0,0,0,0,1,0,0,0,0,0,0,0,0,0,0,0,0
MUSC261-00-S16,86,0,0,0,0,0,0,0,1,0,0,0,0,0,0,0,0,0,0,0,0
MUSC261J-00-S16,86,0,0,0,0,0,0,0,1,0,0,0,0,0,0,0,0,0,0,0,0
MUSC262-00-S16,86,0,0,0,0,0,0,0,1,0,0,0,0,0,0,0,0,0,0,0,0
MUSC262J-00-S16,86,0,0,0,0,0,0,0,1,0,0,0,0,0,0,0,0,0,0,0,0
MUSC263-00-S16,86,0,0,0,0,0,0,0,1,0,0,0,0,0,0,0,0,0,0,0,0
MUSC263J-00-S16,86,0,0,0,0,0,0,0,1,0,0,0,0,0,0,0,0,0,0,0,0
MUSC264-00-S16,86,0,0,0,0,0,0,0,1,0,0,0,0,0,0,0,0,0,0,0,0
MUSC264J-00-S16,86,0,0,0,0,0,0,0,1,0,0,0,0,0,0,0,0,0,0,0,0
MUSC265-00-S16,86,0,0,0,0,0,0,0,1,0,0,0,0,0,0,0,0,0,0,0,0
MUSC265J-00-S16,86,0,0,0,0,0,0,0,1,0,0,0,0,0,0,0,0,0,0,0,0
MUSC266-01-S16,86,0,0,0,0,0,0,0,1,0,0,0,0,0,0,0,0,0,0,0,0
MUSC266-02-S16,86,0,0,0,0,0,0,0,1,0,0,0,0,0,0,0,0,0,0,0,0
MUSC266J-01-S16,86,0,0,0,0,0,0,0,1,0,0,0,0,0,0,0,0,0,0,0,0
MUSC266J-02-S16,86,0,0,0,0,0,0,0,1,0,0,0,0,0,0,0,0,0,0,0,0
MUSC267-00-S16,86,0,0,0,0,0,0,0,1,0,0,0,0,0,0,0,0,0,0,0,0
MUSC267J-00-S16,86,0,0,0,0,0,0,0,1,0,0,0,0,0,0,0,0,0,0,0,0
MUSC268-00-S16,86,0,0,0,0,0,0,0,1,0,0,0,0,0,0,0,0,0,0,0,0
MUSC268J-00-S16,86,0,0,0,0,0,0,0,1,0,0,0,0,0,0,0,0,0,0,0,0
MUSC269-00-S16,86,0,0,0,0,0,0,0,1,0,0,0,0,0,0,0,0,0,0,0,0
MUSC269J-00-S16,86,0,0,0,0,0,0,0,1,0,0,0,0,0,0,0,0,0,0,0,0
MUSC270-00-S16,86,0,0,0,0,0,0,0,1,0,0,0,0,0,0,0,0,0,0,0,0
MUSC270J-00-S16,86,0,0,0,0,0,0,0,1,0,0,0,0,0,0,0,0,0,0,0,0
MUSC271-00-S16,86,0,0,0,0,0,0,0,1,0,0,0,0,0,0,0,0,0,0,0,0
MUSC271J-00-S16,86,0,0,0,0,0,0,0,1,0,0,0,0,0,0,0,0,0,0,0,0
MUSC272-00-S16,86,0,0,0,0,0,0,0,1,0,0,0,0,0,0,0,0,0,0,0,0
MUSC272J-00-S16,86,0,0,0,0,0,0,0,1,0,0,0,0,0,0,0,0,0,0,0,0
MUSC274-00-S16,86,0,0,0,0,0,0,0,1,0,0,0,0,0,0,0,0,0,0,0,0
MUSC274J-00-S16,86,0,0,0,0,0,0,0,1,0,0,0,0,0,0,0,0,0,0,0,0
MUSC275-00-S16,86,0,0,0,0,0,0,0,1,0,0,0,0,0,0,0,0,0,0,0,0
MUSC275J-00-S16,86,0,0,0,0,0,0,0,1,0,0,0,0,0,0,0,0,0,0,0,0
MUSC276-00-S16,86,0,0,0,0,0,0,0,1,0,0,0,0,0,0,0,0,0,0,0,0
MUSC276J-00-S16,86,0,0,0,0,0,0,0,1,0,0,0,0,0,0,0,0,0,0,0,0
MUSC277-00-S16,86,0,0,0,0,0,0,0,1,0,0,0,0,0,0,0,0,0,0,0,0
MUSC277J-00-S16,86,0,0,0,0,0,0,0,1,0,0,0,0,0,0,0,0,0,0,0,0
MUSC278-00-S16,86,0,0,0,0,0,0,0,1,0,0,0,0,0,0,0,0,0,0,0,0
MUSC278J-00-S16,86,0,0,0,0,0,0,0,1,0,0,0,0,0,0,0,0,0,0,0,0
MUSC279-00-S16,86,0,0,0,0,0,0,0,1,0,0,0,0,0,0,0,0,0,0,0,0
MUSC279J-00-S16,86,0,0,0,0,0,0,0,1,0,0,0,0,0,0,0,0,0,0,0,0
MUSC280-00-S16,86,0,0,0,0,0,0,0,1,0,0,0,0,0,0,0,0,0,0,0,0
MUSC280J-00-S16,86,0,0,0,0,0,0,0,1,0,0,0,0,0,0,0,0,0,0,0,0
MUSC281-00-S16,86,0,0,0,0,0,0,0,1,0,0,0,0,0,0,0,0,0,0,0,0
MUSC281J-00-S16,86,0,0,0,0,0,0,0,1,0,0,0,0,0,0,0,0,0,0,0,0
MUSC282-00-S16,86,0,0,0,0,0,0,0,1,0,0,0,0,0,0,0,0,0,0,0,0
MUSC282J-00-S16,86,0,0,0,0,0,0,0,1,0,0,0,0,0,0,0,0,0,0,0,0
MUSC283-00-S16,86,0,0,0,0,0,0,0,1,0,0,0,0,0,0,0,0,0,0,0,0
MUSC283J-00-S16,86,0,0,0,0,0,0,0,1,0,0,0,0,0,0,0,0,0,0,0,0
MUSC284-00-S16,86,0,0,0,0,0,0,0,1,0,0,0,0,0,0,0,0,0,0,0,0
MUSC284J-00-S16,86,0,0,0,0,0,0,0,1,0,0,0,0,0,0,0,0,0,0,0,0
MUSC285J-00-S16,86,0,0,0,0,0,0,0,1,0,0,0,0,0,0,0,0,0,0,0,0
MUSC286J-00-S16,86,0,0,0,0,0,0,0,1,0,0,0,0,0,0,0,0,0,0,0,0
MUSC299-00-S16,86,0,0,0,0,0,0,0,1,0,0,0,0,0,0,0,0,0,0,0,0
MUSC299-01-S16,86,0,0,0,0,0,0,0,1,0,0,0,0,0,0,0,0,0,0,0,0
MUSC299-02-S16,86,0,0,0,0,0,0,0,1,0,0,0,0,0,0,0,0,0,0,0,0
MUSC299-03-S16,86,0,0,0,0,0,0,0,1,0,0,0,0,0,0,0,0,0,0,0,0
MUSC299-04-S16,86,0,0,0,0,0,0,0,1,0,0,0,0,0,0,0,0,0,0,0,0
MUSC299-05-S16,86,0,0,0,0,0,0,0,1,0,0,0,0,0,0,0,0,0,0,0,0
MUSC299-06-S16,86,0,0,0,0,0,0,0,1,0,0,0,0,0,0,0,0,0,0,0,0
MUSC299-08-S16,86,0,0,0,0,0,0,0,1,0,0,0,0,0,0,0,0,0,0,0,0
MUSC299-09-S16,86,0,0,0,0,0,0,0,1,0,0,0,0,0,0,0,0,0,0,0,0
MUSC307-00-S16,86,0,0,0,0,0,0,0,1,0,0,0,0,0,0,0,0,0,0,0,0
MUSC312-00-S16,86,0,0,0,0,0,0,0,1,0,0,0,0,0,0,0,0,0,0,0,0
MUSC324S-00-S16,86,0,0,0,0,0,0,0,1,0,0,0,0,0,0,0,0,0,0,0,0
MUSC398-00-S16,86,0,0,0,0,0,0,0,1,0,0,0,0,0,0,0,0,0,0,0,0
MUSC400-00-S16,86,0,0,0,0,0,0,0,1,0,0,0,0,0,0,0,0,0,0,0,0
NEUR395-00-S16,86,1,0,0,0,0,14,0,1,0,1,0,0,0,0,0,0,0,0,1,0
NORW112S-00-S16,86,0,0,0,0,0,0,0,1,0,0,0,0,0,0,0,0,0,0,0,0
PE101-00-S16,86,0,0,0,0,0,0,0,1,0,0,0,0,0,0,0,0,0,0,0,0
PE102-00-S16,86,0,0,0,0,0,0,0,1,0,0,0,0,0,0,0,0,0,0,0,0
PE103-00-S16,86,0,0,0,0,0,0,0,1,0,0,0,0,0,0,0,0,0,0,0,0
PE104-00-S16,86,0,0,0,0,0,0,0,1,0,0,0,0,0,0,0,0,0,0,0,0
PE105-00-S16,86,0,0,0,0,0,0,0,1,0,0,0,0,0,0,0,0,0,0,0,0
PE107-00-S16,86,0,0,0,0,0,0,0,1,0,0,0,0,0,0,0,0,0,0,0,0
PE108-00-S16,86,0,0,0,0,0,0,0,1,0,0,0,0,0,0,0,0,0,0,0,0
PE109-00-S16,86,0,0,0,0,0,0,0,1,0,0,0,0,0,0,0,0,0,0,0,0
PE113-00-S16,86,0,0,0,0,0,0,0,1,0,0,0,0,0,0,0,0,0,0,0,0
PE120-00-S16,86,0,0,0,0,0,0,0,1,0,0,0,0,0,0,0,0,0,0,0,0
PE125-00-S16,86,0,0,0,0,0,0,0,1,0,0,0,0,0,0,0,0,0,0,0,0
PE128-00-S16,86,0,0,0,0,0,0,0,1,0,0,0,0,0,0,0,0,0,0,0,0
PE129-00-S16,86,0,0,0,0,0,0,0,1,0,0,0,0,0,0,0,0,0,0,0,0
PE130-00-S16,86,0,0,0,0,0,0,0,1,0,0,0,0,0,0,0,0,0,0,0,0
PE142-00-S16,86,0,0,0,0,0,0,0,1,0,0,0,0,0,0,0,0,0,0,0,0
PE146-00-S16,86,0,0,0,0,0,0,0,1,0,0,0,0,0,0,0,0,0,0,0,0
PE147-00-S16,86,0,0,0,0,0,0,0,1,0,0,0,0,0,0,0,0,0,0,0,0
PE148-00-S16,86,0,0,0,0,0,0,0,1,0,0,0,0,0,0,0,0,0,0,0,0
PE149-00-S16,86,0,0,0,0,0,0,0,1,0,0,0,0,0,0,0,0,0,0,0,0
PE151-00-S16,86,0,0,0,0,0,0,0,1,0,0,0,0,0,0,0,0,0,0,0,0
PE152-00-S16,86,0,0,0,0,0,0,0,1,0,0,0,0,0,0,0,0,0,0,0,0
PE153-00-S16,86,0,0,0,0,0,22,0,8,0,0,0,0,0,0,0,0,0,4,0,0
PE158-01-S16,86,0,0,0,0,0,0,0,1,0,0,0,0,0,0,0,0,0,0,0,0
PE158-02-S16,86,0,0,0,0,0,0,0,1,0,0,0,0,0,0,0,0,0,0,0,0
PE158-03-S16,86,0,0,0,0,0,0,0,1,0,0,0,0,0,0,0,0,0,0,0,0
PE159-00-S16,86,0,0,0,0,0,2,0,1,0,0,0,0,0,0,0,0,0,0,0,0
PE160-00-S16,86,0,0,0,0,0,0,0,1,0,0,0,0,0,0,0,0,0,0,0,0
PE161-00-S16,86,0,0,0,0,0,0,0,1,0,0,0,0,0,0,0,0,0,0,0,0
PE167-00-S16,86,0,0,0,0,0,1,0,1,0,0,0,0,0,0,0,0,0,0,0,0
PE168-00-S16,86,0,0,0,0,0,0,0,1,0,0,0,0,0,0,0,0,0,0,0,0
PE171-00-S16,86,0,0,0,0,0,0,0,1,0,0,0,0,0,0,0,0,0,0,0,0
PE172-01-S16,86,0,0,0,0,0,0,0,1,0,0,0,0,0,0,0,0,0,0,0,0
PE172-02-S16,86,0,0,0,0,0,0,0,1,0,0,0,0,0,0,0,0,0,0,0,0
PE173-00-S16,86,0,0,0,0,0,0,0,1,0,0,0,0,0,0,0,0,0,0,0,0
PE175-00-S16,86,0,0,0,0,0,0,0,1,0,0,0,0,0,0,0,0,0,0,0,0
PE176-00-S16,86,0,0,0,0,0,0,0,1,0,0,0,0,0,0,0,0,0,0,0,0
PE177-00-S16,86,0,0,0,0,0,0,0,1,0,0,0,0,0,0,0,0,0,0,0,0
PE178-00-S16,86,0,0,0,0,0,0,0,1,0,0,0,0,0,0,0,0,0,0,0,0
PE179-00-S16,86,0,0,0,0,0,0,0,1,0,0,0,0,0,0,0,0,0,0,0,0
PE188-00-S16,86,0,0,0,0,0,0,0,1,0,0,0,0,0,0,0,0,0,0,0,0
PE189-00-S16,86,0,0,0,0,0,0,0,1,0,0,0,0,0,0,0,0,0,0,0,0
PE190-00-S16,86,0,0,0,0,0,0,0,1,0,0,0,0,0,0,0,0,0,0,0,0
PE191-00-S16,86,0,0,0,0,0,0,0,1,0,0,0,0,0,0,0,0,0,0,0,0
PE192-00-S16,86,0,0,0,0,0,0,0,1,0,0,0,0,0,0,0,0,0,0,0,0
PE196-00-S16,86,0,0,0,0,0,0,0,1,0,0,0,0,0,0,0,0,0,0,0,0
PE199-01-S16,86,0,0,0,0,0,0,0,1,0,0,0,0,0,0,0,0,0,0,0,0
PE199-02-S16,86,0,0,0,0,0,0,0,1,0,0,0,0,0,0,0,0,0,0,0,0
PE199-03-S16,86,0,0,0,0,0,0,0,1,0,0,0,0,0,0,0,0,0,0,0,0
PE199-04-S16,86,0,0,0,0,0,0,0,1,0,0,0,0,0,0,0,0,0,0,0,0
PE205-00-S16,86,0,0,0,0,0,0,0,1,0,0,0,0,0,0,0,0,0,0,0,0
PE210-00-S16,86,0,0,0,0,0,0,1,1,0,0,0,0,0,0,0,0,0,0,0,0
PE219-00-S16,86,0,0,0,0,0,0,0,1,0,0,0,0,0,0,0,0,0,0,0,0
PE227-00-S16,86,0,0,0,0,0,0,0,1,0,0,0,0,0,0,0,0,0,0,0,0
PE228-00-S16,86,0,0,0,0,0,0,0,1,0,0,0,0,0,0,0,0,0,0,0,0
PE244-00-S16,86,0,0,0,0,0,0,0,1,0,0,0,0,0,0,0,0,0,0,0,0
PE245-00-S16,86,0,0,0,0,0,0,0,1,0,0,0,0,0,0,0,0,0,0,0,0
PE258-00-S16,86,0,0,0,0,0,0,0,1,0,0,0,0,0,0,0,0,0,0,0,0
PE259-00-S16,86,0,0,0,0,0,0,0,1,0,0,0,0,0,0,0,0,0,0,0,0
PE260-00-S16,86,0,0,0,0,0,0,0,1,0,0,0,0,0,0,0,0,0,0,0,0
PE271-00-S16,86,0,0,0,0,0,0,0,1,0,0,0,0,0,0,0,0,0,0,0,0
PE282-00-S16,86,0,0,0,0,0,0,0,1,0,0,0,0,0,0,0,0,0,0,0,0
PE283-00-S16,86,0,0,0,0,0,0,0,1,0,0,0,0,0,0,0,0,0,0,0,0
PE284-00-S16,86,0,0,0,0,0,0,0,1,0,0,0,0,0,0,0,0,0,0,0,0
PE288-00-S16,86,0,0,0,0,0,0,0,1,0,0,0,0,0,0,0,0,0,0,0,0
PE289-00-S16,86,0,0,0,0,0,0,0,1,0,0,0,0,0,0,0,0,0,0,0,0
PE293-00-S16,86,0,0,0,0,0,0,0,1,0,0,0,0,0,0,0,0,0,0,0,0
PE316-00-S16,86,0,0,0,0,0,0,0,1,0,0,0,0,0,0,0,0,0,0,0,0
PHIL114-00-S16,86,3,0,0,0,1,1,2,9,0,0,0,0,0,0,0,0,0,0,0,0
PHIL116-00-S16,86,5,0,0,0,0,0,2,1,0,0,0,0,0,0,0,0,0,0,0,1
PHIL119-00-S16,86,0,0,0,0,0,0,0,1,0,0,0,0,0,0,0,0,0,0,0,0
PHIL198-00-S16,86,0,0,0,0,0,0,0,1,0,0,0,0,0,0,0,0,0,0,0,0
PHIL221-00-S16,86,0,0,0,0,0,0,0,1,0,0,0,0,0,0,0,0,0,0,0,0
PHIL223-00-S16,86,4,0,0,0,0,0,2,2,0,0,0,0,0,0,0,0,0,0,0,1
PHIL227-00-S16,86,0,0,0,0,0,0,0,1,0,0,0,0,0,0,0,0,0,0,0,0
PHIL230-00-S16,86,3,0,0,0,1,23,1,2,0,0,0,0,0,0,0,0,0,0,0,0
PHIL274-00-S16,86,16,0,0,0,0,14,2,2,0,0,0,0,0,22,0,0,0,0,0,0
PHIL372-00-S16,86,3,0,0,0,0,37,0,1,0,0,0,0,0,0,0,0,0,1,0,0
PHIL391-11-S16,86,0,0,0,0,0,0,0,1,0,0,0,0,0,0,0,0,0,0,0,0
PHIL391-12-S16,86,0,0,0,0,0,0,0,1,0,0,0,0,0,0,0,0,0,0,0,0
PHIL400-00-S16,86,0,0,0,0,0,0,0,1,0,0,0,0,0,0,0,0,0,0,0,0
PHYS123-00-S16,86,0,0,0,0,0,0,0,1,0,0,0,0,0,0,0,0,0,0,0,0
PHYS131-00-S16,86,0,0,0,0,0,0,0,1,0,0,0,0,0,0,0,0,0,0,0,0
PHYS131L-52-S16,86,0,0,0,0,0,0,0,1,0,0,0,0,0,0,0,0,0,0,0,0
PHYS131L-57-S16,86,0,0,0,0,0,0,0,1,0,0,0,0,0,0,0,0,0,0,0,0
PHYS131L-59-S16,86,0,0,0,0,0,0,0,1,0,0,0,0,0,0,0,0,0,0,0,0
PHYS151-00-S16,86,0,0,0,0,0,0,32,1,0,0,0,0,0,0,0,0,0,0,0,0
PHYS151L-59-S16,86,0,0,0,0,0,0,0,1,0,0,0,0,0,0,0,0,0,0,0,0
PHYS152-00-S16,86,0,0,0,0,0,0,0,1,0,0,0,0,0,0,0,0,0,0,0,0
PHYS152L-52-S16,86,0,0,0,0,0,0,0,1,0,0,0,0,0,0,0,0,0,0,0,0
PHYS152L-57-S16,86,0,0,0,0,0,0,0,1,0,0,0,0,0,0,0,0,0,0,0,0
PHYS234-00-S16,86,0,0,0,0,0,0,0,1,0,0,0,0,0,0,0,0,0,0,0,0
PHYS235-00-S16,86,6,0,0,0,0,10,31,1,0,33,0,0,0,4,25,0,0,13,0,0
PHYS235L-52-S16,86,0,0,0,0,0,24,1,1,0,10,0,0,0,0,0,0,0,3,0,0
PHYS235L-57-S16,86,0,0,0,0,0,0,0,1,0,0,0,0,0,0,0,0,0,0,0,0
PHYS235L-59-S16,86,0,0,0,0,0,23,1,1,0,10,0,0,0,0,0,0,0,3,0,0
PHYS342-00-S16,86,13,0,0,0,0,3,0,1,0,0,0,0,1,0,1,0,0,2,0,0
PHYS342L-54-S16,86,0,0,0,0,0,0,0,1,0,0,0,0,0,0,0,0,0,0,0,0
PHYS342L-57-S16,86,0,0,0,0,0,0,0,1,0,0,0,0,0,0,0,0,0,0,0,0
PHYS352-00-S16,86,0,0,0,0,0,24,0,1,0,10,0,0,0,0,0,0,0,0,0,0
PHYS354-00-S16,86,22,0,0,0,1,33,4,1,0,0,0,0,0,0,0,0,0,4,0,0
PHYS356-00-S16,86,0,0,0,0,0,0,0,1,0,0,0,0,0,0,0,0,0,0,0,0
PHYS356-11-S16,86,0,0,0,0,0,0,0,1,0,0,0,0,0,0,0,0,0,0,0,0
PHYS356-12-S16,86,0,0,0,0,0,0,0,1,0,0,0,0,0,0,0,0,0,0,0,0
PHYS356-13-S16,86,0,0,0,0,0,0,0,1,0,0,0,0,0,0,0,0,0,0,0,0
PHYS356-14-S16,86,0,0,0,0,0,0,0,1,0,0,0,0,0,0,0,0,0,0,0,0
PHYS356-15-S16,86,0,0,0,0,0,0,0,1,0,0,0,0,0,0,0,0,0,0,0,0
PHYS356-16-S16,86,0,0,0,0,0,0,0,1,0,0,0,0,0,0,0,0,0,0,0,0
PHYS356-18-S16,86,0,0,0,0,0,0,0,1,0,0,0,0,0,0,0,0,0,0,0,0
PHYS356-19-S16,86,0,0,0,0,0,0,0,1,0,0,0,0,0,0,0,0,0,0,0,0
PHYS356-20-S16,86,0,0,0,0,0,0,0,1,0,0,0,0,0,0,0,0,0,0,0,0
PHYS356-21-S16,86,0,0,0,0,0,0,0,1,0,0,0,0,0,0,0,0,0,0,0,0
PHYS400-01-S16,86,0,0,0,0,0,0,0,1,0,0,0,0,0,0,0,0,0,0,0,0
PHYS400-02-S16,86,0,0,0,0,0,0,0,1,0,0,0,0,0,0,0,0,0,0,0,0
PHYS400-03-S16,86,0,0,0,0,0,0,0,1,0,0,0,0,0,0,0,0,0,0,0,0
PHYS400-04-S16,86,0,0,0,0,0,0,0,1,0,0,0,0,0,0,0,0,0,0,0,0
PHYS400-05-S16,86,0,0,0,0,0,0,0,1,0,0,0,0,0,0,0,0,0,0,0,0
PHYS400-06-S16,86,0,0,0,0,0,0,0,1,0,0,0,0,0,0,0,0,0,0,0,0
PHYS400-08-S16,86,0,0,0,0,0,0,0,1,0,0,0,0,0,0,0,0,0,0,0,0
PHYS400-09-S16,86,0,0,0,0,0,0,0,1,0,0,0,0,0,0,0,0,0,0,0,0
PoSc DC12,86,18,0,9,0,0,22,8,10,0,27,0,0,0,3,0,0,0,2,0,0
POSC120-00-S16,86,0,0,0,0,0,79,2,15,0,11,0,0,0,0,0,0,0,41,0,0
POSC120-WL0-S16,86,0,0,0,0,0,0,0,1,0,0,0,0,0,0,0,0,0,0,0,0
POSC122-00-S16,86,0,0,0,0,0,46,0,1,0,0,0,0,0,0,0,0,0,0,0,0
POSC160-01-S16,86,0,0,0,0,0,0,0,1,0,0,0,0,0,0,0,0,0,0,0,0
POSC160-02-S16,86,0,0,0,0,0,0,0,1,0,0,0,0,0,0,0,0,0,0,0,0
POSC212-00-S16,86,0,0,0,0,0,2,0,3,0,0,0,0,0,39,0,0,0,11,0,0
POSC230-00-S16,86,22,0,0,0,0,0,3,1,0,0,0,0,0,0,0,0,0,0,0,0
POSC246-00-S16,86,0,0,0,0,0,0,0,1,0,0,0,0,0,0,0,0,0,0,0,0
POSC247-00-S16,86,7,0,0,0,0,3,3,1,0,0,0,0,0,0,0,0,0,10,0,0
POSC282-00-S16,86,0,0,0,0,0,13,0,1,0,0,0,0,0,0,0,0,0,0,0,0
POSC284-00-S16,86,3,0,0,0,0,1,3,1,0,0,0,0,0,0,0,0,0,10,0,0
POSC286-00-S16,86,0,0,0,0,0,0,0,1,0,0,0,0,0,0,0,0,0,0,0,0
POSC288-07-S16,86,0,0,0,0,0,0,0,1,0,0,0,0,0,0,0,0,0,0,0,0
POSC289-07-S16,86,17,0,7,0,0,78,3,13,0,38,0,0,0,3,0,0,0,0,0,0
POSC293-07-S16,86,0,0,0,0,0,0,0,1,0,0,0,0,0,0,0,0,0,0,0,0
POSC320-00-S16,86,0,0,0,0,0,9,0,1,0,0,0,0,0,0,0,0,0,0,0,0
POSC333-00-S16,86,0,0,0,0,0,0,0,1,0,0,0,0,0,0,0,0,0,0,0,0
POSC348-00-S16,86,0,0,0,0,0,0,0,1,0,0,0,0,0,0,0,0,0,0,0,0
POSC364-00-S16,86,0,0,0,0,0,15,14,11,0,0,0,0,0,0,0,0,0,15,0,0
POSC391-11-S16,86,0,0,0,0,0,0,0,1,0,0,0,0,0,0,0,0,0,0,0,0
POSC400-02-S16,86,0,0,0,0,0,0,0,1,0,0,0,0,0,0,0,0,0,0,0,0
POSC400-03-S16,86,0,0,0,0,0,0,0,1,0,0,0,0,0,0,0,0,0,0,0,0
POSC400-05-S16,86,0,0,0,0,0,0,0,1,0,0,0,0,0,0,0,0,0,0,0,0
POSC400-08-S16,86,0,0,0,0,0,0,0,1,0,0,0,0,0,0,0,0,0,0,0,0
POSC400-10-S16,86,0,0,0,0,0,0,0,1,0,0,0,0,0,0,0,0,0,0,0,0
POSC400-11-S16,86,0,0,0,0,0,0,0,1,0,0,0,0,0,0,0,0,0,0,0,0
POSC400-13-S16,86,0,0,0,0,0,0,0,1,0,0,0,0,0,0,0,0,0,0,0,0
PSYC110-00-S16,86,0,0,0,0,0,0,0,1,0,0,0,0,0,0,0,0,0,0,0,0
PSYC110-01-S16,86,3,0,0,0,0,42,1,1,0,0,0,0,0,0,0,0,0,10,0,0
PSYC110-02-S16,86,3,0,0,0,0,30,6,1,0,0,0,0,0,29,0,0,0,2,0,0
PSYC110-03-S16,86,4,0,0,0,0,34,0,1,0,0,0,0,0,0,0,0,0,2,0,0
PSYC110-WL2-S16,86,0,0,0,0,0,0,0,1,0,0,0,0,0,0,0,0,0,0,0,0
PSYC238-00-S16,86,0,0,0,0,0,45,0,1,0,0,0,0,0,2,24,0,0,2,0,0
PSYC239-01-S16,86,0,0,0,0,0,0,0,1,0,0,0,0,0,0,0,0,0,0,0,0
PSYC239-02-S16,86,0,0,0,0,0,0,0,1,0,0,0,0,0,0,0,0,0,0,0,0
psyc239-s16,86,5,0,0,0,1,26,12,2,0,0,0,0,0,0,0,0,0,8,0,0
PSYC250-00-S16,86,0,0,0,1,0,7,1,3,0,0,0,0,0,0,0,0,0,0,0,0
PSYC263-00-S16,86,0,0,0,0,0,0,0,1,0,0,0,0,0,0,0,0,0,0,0,0
PSYC267-00-S16,86,0,0,0,0,0,0,0,1,0,0,0,0,0,0,0,0,0,0,0,0
PSYC292-11-S16,86,0,0,0,0,0,0,0,1,0,0,0,0,0,0,0,0,0,0,0,0
PSYC292-12-S16,86,0,0,0,0,0,0,0,1,0,0,0,0,0,0,0,0,0,0,0,0
PSYC292-13-S16,86,0,0,0,0,0,0,0,1,0,0,0,0,0,0,0,0,0,0,0,0
PSYC299-01-S16,86,0,0,0,0,0,0,0,1,0,0,0,0,0,0,0,0,0,0,0,0
PSYC299-02-S16,86,0,0,0,0,0,0,0,1,0,0,0,0,0,0,0,0,0,0,0,0
PSYC299-03-S16,86,0,0,0,0,0,0,0,1,0,0,0,0,0,0,0,0,0,0,0,0
PSYC300-11-S16,86,0,0,0,0,0,0,0,1,0,0,0,0,0,0,0,0,0,0,0,0
PSYC300-12-S16,86,0,0,0,0,0,0,0,1,0,0,0,0,0,0,0,0,0,0,0,0
PSYC300-13-S16,86,0,0,0,0,0,0,0,1,0,0,0,0,0,0,0,0,0,0,0,0
PSYC300-14-S16,86,0,0,0,0,0,0,0,1,0,0,0,0,0,0,0,0,0,0,0,0
PSYC354-00-S16,86,0,0,0,0,0,0,0,1,0,0,0,0,0,0,0,0,0,0,0,0
PSYC382-00-S16,86,0,0,0,0,0,41,0,1,0,0,0,0,0,0,0,0,0,1,0,0
PSYC384-00-S16,86,5,0,0,0,0,2,2,11,0,0,0,0,0,0,0,0,0,0,0,0
PSYC390-11-S16,86,0,0,0,0,0,0,0,1,0,0,0,0,0,0,0,0,0,0,0,0
PSYC391-11-S16,86,0,0,0,0,0,0,0,1,0,0,0,0,0,0,0,0,0,0,0,0
PSYC391-12-S16,86,0,0,0,0,0,0,0,1,0,0,0,0,0,0,0,0,0,0,0,0
PSYC392-11-S16,86,0,0,0,0,0,0,0,1,0,0,0,0,0,0,0,0,0,0,0,0
PSYC392-12-S16,86,0,0,0,0,0,0,0,1,0,0,0,0,0,0,0,0,0,0,0,0
PSYC392-13-S16,86,0,0,0,0,0,0,0,1,0,0,0,0,0,0,0,0,0,0,0,0
PSYC397-00-S16,86,4,0,0,0,0,8,1,1,0,0,0,0,0,0,0,0,0,0,0,0
PSYC398-00-S16,86,3,0,0,0,0,13,0,13,0,0,0,0,0,5,0,0,0,2,0,0
PSYC399-00-S16,86,11,0,0,0,0,7,0,1,0,1,0,0,0,0,0,0,0,1,0,0
PSYC400-00-S16,86,0,0,0,0,0,0,0,1,0,0,0,0,0,0,0,0,0,0,0,0
RELG110-00-S16,86,0,0,0,0,0,13,0,1,0,0,0,0,0,0,0,0,0,6,0,0
RELG120-00-S16,86,3,0,1,0,0,114,1,13,0,0,0,0,0,1,0,0,0,0,0,0
RELG121-00-S16,86,5,0,0,0,0,40,0,5,0,0,0,0,0,0,0,0,0,4,0,0
RELG130-00-S16,86,0,0,0,0,0,0,0,1,0,0,0,0,0,0,0,0,0,0,0,0
RELG150-00-S16,86,5,0,0,0,0,35,0,2,0,0,0,0,0,0,0,0,0,11,0,0
RELG226-00-S16,86,0,0,0,0,0,0,0,1,0,0,0,0,0,0,0,0,0,0,0,0
RELG254-00-S16,86,0,0,0,0,0,37,0,7,0,0,0,0,0,0,0,0,0,0,0,0
RELG263-00-S16,86,3,0,0,0,0,0,0,1,0,2,0,0,0,0,0,0,0,0,0,0
RELG264-00-S16,86,1,0,0,0,0,0,0,1,0,1,0,0,0,0,0,0,0,0,0,0
RELG277-00-S16,86,0,0,0,0,0,49,13,14,0,0,0,0,0,0,0,0,0,0,0,0
RELG289-00-S16,86,1,0,0,0,0,72,2,11,0,0,0,0,0,6,0,0,0,13,0,0
RELG290-11-S16,86,0,0,0,0,0,0,0,1,0,0,0,0,0,0,0,0,0,0,0,0
RELG290-12-S16,86,0,0,0,0,0,0,0,1,0,0,0,0,0,0,0,0,0,0,0,0
relg291-00-s16,86,2,1,0,0,0,0,0,2,0,0,0,0,0,0,0,0,0,0,0,0
RELG291-11-S16,86,0,0,0,0,0,0,0,1,0,0,0,0,0,0,0,0,0,0,0,0
RELG291-12-S16,86,0,0,0,0,0,0,0,2,0,0,0,0,0,0,0,0,0,0,0,0
RELG365-00-S16,86,0,0,0,0,0,0,0,1,0,0,0,0,0,0,0,0,0,0,0,0
RELG392-11-S16,86,0,0,0,0,0,0,0,1,0,0,0,0,0,0,0,0,0,0,0,0
RELG400-00-S16,86,0,0,0,0,0,0,0,1,0,0,0,0,0,0,0,0,0,0,0,0
RUSS103-01-S16,86,0,0,0,0,0,0,0,1,0,0,0,0,0,0,0,0,0,0,0,0
RUSS103-02-S16,86,0,0,0,0,0,0,0,1,0,0,0,0,0,0,0,0,0,0,0,0
RUSS107-07-S16,86,0,0,0,0,0,0,0,1,0,0,0,0,0,0,0,0,0,0,0,0
RUSS108-07-S16,86,0,0,0,0,0,0,0,1,0,0,0,0,0,0,0,0,0,0,0,0
RUSS109-07-S16,86,0,0,0,0,0,0,0,1,0,0,0,0,0,0,0,0,0,0,0,0
RUSS207-07-S16,86,0,0,0,0,0,0,0,1,0,0,0,0,0,0,0,0,0,0,0,0
RUSS208-07-S16,86,0,0,0,0,0,0,0,1,0,0,0,0,0,0,0,0,0,0,0,0
RUSS209-07-S16,86,0,0,0,0,0,0,0,1,0,0,0,0,0,0,0,0,0,0,0,0
RUSS226-07-S16,86,0,0,0,0,0,0,0,1,0,0,0,0,0,0,0,0,0,0,0,0
RUSS290-07-S16,86,0,0,0,0,0,0,0,1,0,0,0,0,0,0,0,0,0,0,0,0
RUSS307-07-S16,86,0,0,0,0,0,0,0,1,0,0,0,0,0,0,0,0,0,0,0,0
RUSS308-07-S16,86,0,0,0,0,0,0,0,1,0,0,0,0,0,0,0,0,0,0,0,0
RUSS309-07-S16,86,0,0,0,0,0,0,0,1,0,0,0,0,0,0,0,0,0,0,0,0
RUSS390-17-S16,86,0,0,0,0,0,0,0,1,0,0,0,0,0,0,0,0,0,0,0,0
RUSS392-07-S16,86,0,0,0,0,0,0,0,1,0,0,0,0,0,0,0,0,0,0,0,0
RUSS400-00-S16,86,0,0,0,0,0,0,0,1,0,0,0,0,0,0,0,0,0,0,0,0
SOAN110-00-S16,86,0,0,0,0,0,1,0,2,0,0,0,0,0,0,0,0,0,0,0,0
SOAN110-WL0-S16,86,0,0,0,0,0,0,0,1,0,0,0,0,0,0,0,0,0,0,0,0
SOAN111-00-S16,86,1,0,0,0,0,41,8,10,0,0,0,0,0,0,0,0,0,4,0,0
SOAN111-WL0-S16,86,0,0,0,0,0,0,0,1,0,0,0,0,0,0,0,0,0,0,0,0
SOAN119-00-S16,86,2,0,0,0,0,11,8,23,0,0,0,0,0,0,0,0,0,2,0,0
SOAN202-00-S16,86,0,0,0,0,0,10,0,1,0,0,0,0,0,0,0,0,0,1,0,0
SOAN217-00-S16,86,3,0,0,0,0,48,0,28,0,0,0,0,0,0,0,0,0,0,0,0
SOAN225-00-S16,86,0,0,0,0,0,0,0,1,0,0,0,0,0,0,0,0,0,0,0,0
SOAN233-00-S16,86,0,0,0,0,0,37,0,1,0,0,0,0,0,0,0,0,0,3,0,0
SOAN243-01-S16,86,0,0,0,0,0,9,1,1,0,0,0,0,0,0,0,0,0,0,0,0
SOAN250-00-S16,86,0,0,0,0,0,27,0,1,0,0,0,0,0,0,0,0,0,5,0,0
SOAN257-00-S16,86,0,0,0,0,0,0,0,1,0,0,0,0,0,0,0,0,0,0,0,0
SOAN331-00-S16,86,0,0,0,0,0,0,1,1,0,19,0,0,0,0,0,0,0,0,0,0
SOAN391-11-S16,86,0,0,0,0,0,0,0,1,0,0,0,0,0,0,0,0,0,0,0,0
SOAN391-S16,86,0,0,0,0,0,25,0,15,0,0,0,0,0,0,0,0,0,0,0,0
SOAN395-00-S16,86,4,0,0,0,0,8,4,1,0,0,0,0,0,0,0,0,0,0,0,0
SOAN400-01-S16,86,1,0,0,0,0,0,0,1,0,1,0,0,0,0,0,0,0,0,0,0
SOAN400-02-S16,86,0,0,0,0,0,0,0,1,0,0,0,0,0,0,0,0,0,0,0,0
SOAN400-03-S16,86,0,0,0,0,0,0,0,1,0,0,0,0,0,0,0,0,0,0,0,0
SOAN400-04-S16,86,0,0,0,0,0,0,0,1,0,0,0,0,0,0,0,0,0,0,0,0
SOAN400-05-S16,86,0,0,0,0,0,0,0,1,0,0,0,0,0,0,0,0,0,0,0,0
SOAN400-06-S16,86,0,0,0,0,0,0,0,1,0,0,0,0,0,0,0,0,0,0,0,0
span103 (Pariente-Beltran) -s16,86,0,0,0,0,0,54,0,1,0,9,0,0,0,14,0,0,0,9,0,0
SPAN103-01-S16,86,0,0,0,0,0,51,0,1,0,12,0,0,0,2,0,0,0,36,0,0
SPAN103-02-S16,86,0,0,0,0,0,62,2,3,0,6,0,0,0,26,0,0,0,16,0,0
SPAN103-03-S16,86,0,0,0,0,0,0,0,1,0,0,0,0,0,0,0,0,0,0,0,0
span103-04-s16,86,0,0,0,0,0,183,1,4,0,15,0,0,0,13,0,0,0,50,0,0
SPAN103-05-S16,86,0,0,0,0,0,47,0,6,0,9,0,0,0,11,0,0,0,9,0,0
SPAN103-06-S16,86,0,0,0,0,0,0,0,1,0,0,0,0,0,0,0,0,0,0,0,0
SPAN103-08-S16,86,0,0,0,0,0,0,0,1,0,0,0,0,0,0,0,0,0,0,0,0
SPAN103-09-S16,86,0,0,0,0,0,0,0,1,0,0,0,0,0,0,0,0,0,0,0,0
SPAN103-10-S16,86,0,0,0,0,0,0,0,1,0,0,0,0,0,0,0,0,0,0,0,0
SPAN103-s16 (Boling),86,0,0,0,0,0,91,3,2,0,8,0,0,0,32,0,0,0,28,0,0
span103-s16 (Contreras),86,0,0,0,0,0,36,1,3,0,8,0,0,0,12,0,0,0,12,0,0
SPAN205-01-S16,86,0,0,0,0,0,0,0,1,0,0,0,0,0,0,0,0,0,0,0,0
SPAN205-02-S16,86,0,0,0,0,0,18,1,1,0,0,0,0,0,0,0,0,0,0,0,0
SPAN208-00-S16,86,0,0,0,0,0,0,0,1,0,0,0,0,0,0,0,0,0,0,0,0
SPAN244-00-S16,86,0,0,0,0,0,47,0,3,0,6,0,0,0,1,0,0,0,0,0,0
SPAN330-00-S16,86,0,0,0,0,0,0,0,1,0,0,0,0,0,0,0,0,0,0,0,0
SPAN377-00-S16,86,5,0,0,0,0,40,0,1,0,0,0,0,0,0,0,0,0,0,0,0
SPAN400-00-S16,86,0,0,0,0,0,0,0,1,0,0,0,0,0,0,0,0,0,0,0,0
THEA110-00-S16,86,0,0,0,0,0,0,0,1,0,0,0,0,0,0,0,0,0,0,0,0
THEA110-WL0-S16,86,0,0,0,0,0,0,0,1,0,0,0,0,0,0,0,0,0,0,0,0
THEA185-00-S16,86,0,0,0,0,0,0,0,1,0,0,0,0,0,0,0,0,0,0,0,0
THEA185-WL0-S16,86,0,0,0,0,0,0,0,1,0,0,0,0,0,0,0,0,0,0,0,0
THEA190-00-S16,86,0,0,0,0,0,0,0,1,0,0,0,0,0,0,0,0,0,0,0,0
THEA238-00-S16,86,16,0,0,0,0,22,0,2,1,0,0,0,0,0,0,0,0,8,0,0
THEA291-11-S16,86,0,0,0,0,0,0,0,1,0,0,0,0,0,0,0,0,0,0,0,0
THEA351-00-S16,86,1,0,0,0,0,4,1,2,0,6,0,0,0,2,0,0,0,1,0,0
THEA400-00-S16,86,0,0,0,0,0,0,0,1,0,0,0,0,0,0,0,0,0,0,0,0
VocalPoint S16,86,0,0,0,0,0,2,0,1,0,0,0,0,0,0,0,0,0,0,0,0
WGST112-00-S16,86,2,0,0,0,0,61,0,1,0,0,0,0,0,0,0,4,0,1,0,0
WGST130-00-S16,86,0,0,0,0,0,0,0,1,0,0,0,0,0,0,0,0,0,0,0,0
WGST205-00-S16,86,0,0,0,0,0,0,0,1,0,0,0,0,0,0,0,0,0,0,0,0
WGST312-00-S16,86,0,0,0,0,0,0,0,1,0,0,0,0,0,0,0,0,0,0,0,0
WGST400-00-S16,86,0,0,0,0,0,0,0,1,0,0,0,0,0,0,0,0,0,0,0,0