"shortname","category","page_count","file_count","url_count"
"AFAM125-00-W16",85,0,0,0
"AFAM398-00-W16",85,0,4,0
"AFAM400-00-W16",85,0,0,0
"AMST247-00-W16",85,4,25,17
"AMST345-00-W16",85,5,6,1
"AMST391-11-W16",85,0,0,0
"AMST400-01-W16",85,0,0,0
"AMST400-02-W16",85,0,0,0
"ARBC102-00-W16",85,44,39,0
"ARBC185-00-W16",85,4,71,14
"ARBC205-00-W16",85,24,28,0
"ARBC310-00-W16",85,4,2,0
"ARTH102-00-W16",85,0,28,0
"ARTH164-00-W16",85,0,14,18
"ARTH220-00-W16",85,0,15,9
"ARTH298-00-W16",85,0,32,0
"ARTH323-00-W16",85,0,0,0
"ARTH400-01-W16",85,0,0,0
"ARTH400-02-W16",85,0,0,0
"ARTH400-03-W16",85,0,0,0
"ARTH400-04-W16",85,0,0,0
"ARTS110-00-W16",85,0,13,3
"ARTS110-01-W16",85,0,13,0
"ARTS110-WL0-W16",85,0,0,0
"ARTS120-00-W16",85,1,12,19
"ARTS120-WL0-W16",85,0,0,0
"ARTS122-00-W16",85,20,21,12
"ARTS122-WL0-W16",85,0,0,0
"ARTS141-00-W16",85,0,0,0
"ARTS210-00-W16",85,0,0,0
"ARTS214-00-W16",85,0,1,0
"ARTS232-00-W16",85,0,4,1
"ARTS232-WL0-W16",85,0,0,0
"ARTS260-00-W16",85,0,6,1
"ARTS274-00-W16",85,0,14,0
"ARTS290-11-W16",85,0,0,0
"ARTS291-11-W16",85,0,0,0
"ARTS339-00-W16",85,0,0,0
"ARTS400-00-W16",85,0,3,0
"ASST400-00-W16",85,0,0,0
"ASTR110-00-W16",85,0,22,5
"ASTR356-00-W16",85,0,0,0
"BIOL101-00-W16",85,0,20,0
"BIOL101-WL0-W16",85,0,0,0
"BIOL125-00-W16",85,0,39,0
"BIOL125L-52-W16",85,0,0,0
"BIOL125L-53-W16",85,0,0,0
"BIOL125L-54-W16",85,0,0,0
"BIOL125L-57-W16",85,0,0,0
"BIOL125L-59-W16",85,0,0,0
"biol125L-w16",85,1,20,1
"BIOL125L-WL2-W16",85,0,0,0
"BIOL125L-WL3-W16",85,0,0,0
"BIOL125L-WL4-W16",85,0,0,0
"BIOL125L-WL7-W16",85,0,0,0
"BIOL125L-WL9-W16",85,0,0,0
"BIOL126-00-W16",85,0,24,0
"BIOL126L-52-W16",85,0,6,0
"BIOL126L-53-W16",85,0,7,0
"BIOL126L-54-W16",85,0,6,1
"biol126l-w16",85,8,0,0
"BIOL126L-WL2-W16",85,0,0,0
"BIOL126L-WL3-W16",85,0,0,0
"BIOL126L-WL4-W16",85,0,0,0
"BIOL210-00-W16",85,0,38,13
"BIOL210-WL0-W16",85,0,0,0
"BIOL212-07-W16",85,0,0,0
"BIOL240-00-W16",85,25,43,7
"BIOL241-01-W16",85,1,13,5
"BIOL241-02-W16",85,0,0,0
"biol241-w16",85,2,33,7
"BIOL248-00-W16",85,0,50,3
"BIOL250-07-W16",85,0,0,0
"BIOL307-07-W16",85,0,0,0
"BIOL310-00-W16",85,0,59,44
"BIOL311-00-W16",85,0,13,4
"BIOL332-00-W16",85,0,137,0
"BIOL333-01-W16",85,0,10,0
"BIOL333-02-W16",85,0,10,0
"BIOL333-03-W16",85,0,10,0
"BIOL379-00-W16",85,0,0,0
"BIOL384-00-W16",85,0,52,1
"BIOL394-00-W16",85,0,0,0
"BIOL399-00-W16",85,0,0,0
"BIOL400-00-W16",85,0,0,0
"CAMS110-00-W16",85,0,13,0
"CAMS110-WL0-W16",85,0,0,0
"CAMS111-01-W16",85,7,16,9
"CAMS111-02-W16",85,11,39,19
"CAMS111-WL1-W16",85,0,0,0
"CAMS111-WL2-W16",85,0,0,0
"CAMS214-00-W16",85,1,33,7
"CAMS243-00-W16",85,0,39,10
"CAMS271-00-W16",85,5,14,14
"CAMS273-00-W16",85,8,23,8
"CAMS277-00-W16",85,0,48,1
"CAMS330-00-W16",85,0,6,0
"CAMS400-00-W16",85,0,0,0
"CAMS400-01-W16",85,0,0,0
"CAMS400-02-W16",85,0,0,0
"CAMS400-03-W16",85,0,0,0
"CAMS400-04-W16",85,0,0,0
"CAMS400-05-W16",85,0,0,0
"careerkick-w16A",85,0,5,0
"careerkick-w16B",85,0,5,0
"Carleton Choir W16",85,0,0,0
"CCST270-00-W16",85,1,3,0
"CCST275-00-W16",85,33,36,27
"CGSC232-00-W16",85,0,0,0
"CGSC233-01-W16",85,0,0,0
"CGSC233-02-W16",85,0,0,0
"CGSC392-11-W16",85,0,0,0
"CHEM123-01-W16",85,0,114,10
"CHEM123-02-W16",85,0,43,0
"CHEM123L-52-W16",85,0,11,0
"CHEM123L-54-W16",85,0,5,1
"CHEM123L-57-W16",85,0,0,0
"CHEM123L-59-W16",85,0,5,1
"chem233-00-w16",85,26,2,0
"CHEM233L-54-W16",85,0,0,0
"CHEM233L-59-W16",85,0,0,0
"CHEM234-00-W16",85,0,42,3
"CHEM234L-52-W16",85,0,0,0
"CHEM234L-54-W16",85,0,0,0
"CHEM234L-57-W16",85,0,0,0
"CHEM234L-W16",85,0,15,2
"CHEM302-01-W16",85,0,0,0
"CHEM302-02-W16",85,0,0,0
"CHEM302-03-W16",85,0,0,0
"CHEM302-04-W16",85,0,0,0
"CHEM302-05-W16",85,0,0,0
"CHEM302-W16",85,0,8,0
"CHEM330-00-W16",85,0,2,0
"CHEM331-01-W16",85,0,0,0
"CHEM331-02-W16",85,0,10,1
"CHEM344-00-W16",85,0,27,0
"CHEM359-00-W16",85,0,31,2
"CHEM394-00-W16",85,0,0,0
"CHEM400-01-W16",85,0,0,0
"CHEM400-02-W16",85,0,1,2
"CHEM400-03-W16",85,0,0,0
"CHEM400-04-W16",85,0,34,12
"CHIN102-00-W16",85,1,4,3
"CHIN102-01-W16",85,0,0,0
"CHIN102-02-W16",85,0,0,0
"chin102-w16 Language Lessons",85,0,0,0
"CHIN205-01-W16",85,2,3,22
"CHIN205-02-W16",85,0,0,0
"CHIN240-00-W16",85,0,22,57
"CHIN355-00-W16",85,0,10,15
"CHINA400-00-W16",85,0,0,0
"CLAS123-00-W16",85,0,44,3
"CLAS173-00-W16",85,0,91,28
"CLAS214-00-W16",85,3,30,2
"CLAS400-00-W16",85,0,0,0
"COGSC400-00-W16",85,0,0,0
"CS111-01-W16",85,5,62,4
"CS111-02-W16",85,0,44,3
"CS111-WL1-W16",85,0,0,0
"CS201-01-W16",85,17,9,8
"CS201-02-W16",85,5,22,2
"CS201-WL1-W16",85,0,0,0
"CS202-00-W16",85,1,41,1
"CS208-00-W16",85,2,27,0
"CS252-00-W16",85,1,23,3
"CS257-00-W16",85,10,3,5
"CS312-00-W16",85,0,0,0
"CS348-00-W16",85,1,6,28
"CS362-00-W16",85,2,36,1
"CS392-11-W16",85,0,0,0
"CS400-01-W16",85,0,0,0
"CS400-02-W16",85,0,0,0
"CS400-03-W16",85,0,0,0
"CS400-04-W16",85,0,0,0
"CS400-05-W16",85,0,0,0
"CS400-06-W16",85,0,0,0
"CS400-08-W16",85,0,0,0
"CS400-09-W16",85,0,0,0
"CS400-10-W16",85,0,0,0
"CS400-11-W16",85,0,0,0
"DANC107-00-W16",85,0,0,0
"DANC148-00-W16",85,0,0,0
"DANC150-00-W16",85,0,0,0
"DANC200-00-W16",85,0,0,0
"DANC205-00-W16",85,0,0,0
"DANC208-00-W16",85,0,0,0
"DANC215-00-W16",85,0,0,0
"DANC253-00-W16",85,0,0,0
"DANC268-00-W16",85,24,9,107
"DANC300-00-W16",85,0,0,0
"DANC350-00-W16",85,0,0,0
"ECON110-01-W16",85,0,37,0
"ECON110-02-W16",85,0,43,0
"ECON110-03-W16",85,0,0,0
"ECON111-01-W16",85,4,27,53
"ECON111-02-W16",85,0,98,28
"ECON111-03-W16",85,0,33,16
"ECON233-00-W16",85,0,0,0
"ECON241-00-W16",85,0,30,0
"ECON263-00-W16",85,0,6,0
"ECON264-00-W16",85,0,8,0
"ECON273-00-W16",85,0,0,0
"ECON274-00-W16",85,0,52,28
"ECON281-00-W16",85,0,30,11
"ECON330-00-W16",85,0,0,0
"ECON331-00-W16",85,0,17,0
"ECON400-01-W16",85,0,3,0
"ECON400-02-W16",85,0,1,0
"ECON400-03-W16",85,0,0,0
"ECON400-04-W16",85,0,0,0
"EDUC110-00-W16",85,0,41,17
"EDUC110-WL0-W16",85,0,0,0
"EDUC245-00-W16",85,1,56,7
"EDUC338-00-W16",85,1,68,20
"EDUC347-00-W16",85,0,0,0
"EDUC375-00-W16",85,0,38,22
"ENGL109-00-W16",85,0,10,3
"ENGL112-00-W16",85,0,0,0
"ENGL118-00-W16",85,0,9,7
"ENGL160-00-W16",85,0,3,0
"ENGL160-WL0-W16",85,0,0,0
"ENGL203-00-W16",85,0,11,9
"ENGL212-00-W16",85,13,31,5
"ENGL213-00-W16",85,10,0,0
"ENGL214-00-W16",85,10,0,0
"ENGL220-01-W16",85,0,0,0
"ENGL220-02-W16",85,0,0,0
"ENGL234-00-W16",85,1,22,5
"ENGL248-00-W16",85,0,0,0
"ENGL258-00-W16",85,0,12,1
"ENGL270-00-W16",85,0,0,0
"ENGL286-00-W16",85,0,6,0
"ENGL291-12-W16",85,0,8,21
"ENGL295-00-W16",85,10,42,1
"ENGL310-00-W16",85,18,1,0
"ENGL319-00-W16",85,0,0,0
"ENGL352-00-W16",85,0,0,0
"ENGL395-00-W16",85,7,41,25
"ENGL400-00-W16",85,0,0,0
"ENTS215-00-W16",85,36,12,3
"ENTS238-07-W16",85,2,0,0
"ENTS239-07-W16",85,0,0,0
"ENTS261-00-W16",85,1,0,0
"ENTS280-07-W16",85,0,0,0
"ENTS284-07-W16",85,0,0,0
"ENTS400-00-W16",85,0,0,0
"EUST110-00-W16",85,0,80,17
"FREN102-01-W16",85,39,87,46
"FREN102-02-W16",85,37,79,42
"FREN102-03-W16",85,37,69,38
"FREN204-00-W16",85,60,35,30
"FREN206-00-W16",85,0,13,1
"FREN210-00-W16",85,0,1,0
"FREN225-00-W16",85,0,0,0
"FREN239-00-W16",85,43,26,30
"FREN309-00-W16",85,0,0,0
"FREN360-00-W16",85,3,39,0
"FREN400-00-W16",85,0,0,0
"GEOL216-00-W16",85,0,15,0
"GEOL216L-54-W16",85,0,0,0
"GEOL250-00-W16",85,0,56,5
"GEOL250L-51-W16",85,0,0,0
"GEOL250L-52-W16",85,0,0,0
"GEOL285-07-W16",85,0,0,0
"GEOL286-07-W16",85,0,0,0
"GEOL287-07-W16",85,0,0,0
"GEOL288-07-W16",85,0,0,0
"GEOL289-07-W16",85,0,0,0
"GEOL400-00-W16",85,0,0,0
"GERM102-01-W16",85,0,11,5
"GERM102-02-W16",85,0,11,4
"GERM271-00-W16",85,34,17,0
"GERM400-00-W16",85,0,0,0
"GRK101-00-W16",85,2,8,2
"GRK204-00-W16",85,1,4,0
"GRK304-00-W16",85,0,0,0
"HEBR204-00-W16",85,0,18,0
"HEBR291-11-W16",85,0,0,0
"HIST123-00-W16",85,0,0,0
"HIST158-00-W16",85,2,16,0
"HIST170-00-W16",85,22,6,5
"HIST184-00-W16",85,0,59,7
"HIST235-00-W16",85,5,14,6
"HIST237-00-W16",85,0,0,0
"HIST241-00-W16",85,0,6,1
"HIST246-00-W16",85,3,6,5
"hist259-00-w16",85,0,44,5
"HIST280-00-W16",85,0,0,0
"HIST291-11-W16",85,0,0,0
"HIST291-12-W16",85,0,0,0
"HIST298-00-W16",85,0,15,0
"HIST306-00-W16",85,0,0,0
"HIST395-00-W16",85,1,23,0
"HIST398-01-W16",85,2,0,0
"HIST398-02-W16",85,1,0,0
"HIST398-03-W16",85,0,0,0
"HIST400-00-W16",85,0,0,0
"IDSC103-01-W16",85,0,18,10
"IDSC103-02-W16",85,0,18,10
"IDSC103-03-W16",85,0,18,10
"IDSC103-04-W16",85,0,18,10
"IDSC198-00-W16",85,0,7,0
"IDSC202-00-W16",85,0,1,0
"IDSC251-01-W16",85,0,0,0
"IDSC251-02-W16",85,0,0,0
"IDSC280-00-W16",85,0,0,0
"IDSC298-00-W16",85,0,0,0
"IDSC298-01-W16",85,0,0,0
"IDSC303-00-W16",85,0,0,0
"IDSC398-00-W16",85,0,0,0
"JAPAN400-00-W16",85,0,0,0
"JAPN102-01-W16",85,0,29,0
"JAPN102-02-W16",85,0,29,0
"JAPN205-01-W16",85,0,10,0
"JAPN205-02-W16",85,0,11,0
"japn205-w16",85,4,146,2
"LATN102-00-W16",85,0,0,0
"LATN255-00-W16",85,5,10,1
"LCST245-00-W16",85,0,21,4
"LCST291-11-W16",85,0,0,0
"LING110-01-W16",85,0,50,1
"LING110-02-W16",85,1,42,74
"LING110-WL2-W16",85,0,0,0
"LING216-00-W16",85,0,90,0
"LING325-00-W16",85,0,25,41
"LING400-00-W16",85,0,0,0
"LTAM270-00-W16",85,0,6,31
"LTAM400-00-W16",85,0,0,0
"MATH111-00-W16",85,1,0,0
"MATH121-01-W16",85,0,0,0
"MATH121-02-W16",85,1,0,0
"MATH121-03-W16",85,0,31,0
"MATH206-00-W16",85,0,0,0
"MATH211-01-W16",85,0,60,20
"MATH211-02-W16",85,0,0,0
"MATH211-03-W16",85,0,0,0
"MATH215-01-W16",85,3,0,0
"MATH215-02-W16",85,1,34,0
"MATH215-03-W16",85,1,9,13
"MATH215-04-W16",85,0,49,7
"MATH215-WL1-W16",85,0,0,0
"MATH215-WL3-W16",85,0,0,0
"MATH232-01-W16",85,1,36,4
"MATH232-02-W16",85,2,44,4
"MATH236-00-W16",85,0,0,0
"MATH241-00-W16",85,0,27,8
"MATH245-00-W16",85,2,0,0
"MATH265-00-W16",85,0,0,0
"MATH275-00-W16",85,0,26,7
"MATH280-00-W16",85,0,0,0
"MATH297-00-W16",85,0,0,0
"MATH331-00-W16",85,0,1,0
"MATH332-00-W16",85,0,0,0
"MATH332-02-W16",85,0,0,0
"MATH342-00-W16",85,0,29,0
"MATH400-01-W16",85,0,0,0
"MATH400-02-W16",85,0,1,0
"MATH400-03-W16",85,0,0,0
"MATH400-04-W16",85,0,0,0
"MATH400-05-W16",85,0,0,0
"MATH400-06-W16",85,0,7,0
"MATH400-08-W16",85,0,0,0
"MATH400-09-W16",85,0,0,0
"MATH400-10-W16",85,0,0,0
"MUSC104-00-W16",85,0,0,0
"MUSC120-00-W16",85,0,0,0
"MUSC126-00-W16",85,0,53,47
"MUSC136-00-W16",85,0,29,8
"MUSC150-00-W16",85,0,0,0
"MUSC150-01-W16",85,0,0,0
"MUSC150-02-W16",85,0,0,0
"MUSC150-03-W16",85,0,0,0
"MUSC150-04-W16",85,0,0,0
"MUSC150J-00-W16",85,0,0,0
"MUSC150J-01-W16",85,0,0,0
"MUSC150J-02-W16",85,0,0,0
"MUSC150J-03-W16",85,0,0,0
"MUSC150J-04-W16",85,0,0,0
"MUSC151&251-W16",85,0,0,0
"MUSC151-00-W16",85,0,0,0
"MUSC151-01-W16",85,0,0,0
"MUSC151-02-W16",85,0,0,0
"MUSC151-03-W16",85,0,0,0
"MUSC151-04-W16",85,0,0,0
"MUSC151-05-W16",85,0,0,0
"MUSC151J-00-W16",85,0,0,0
"MUSC151J-01-W16",85,0,0,0
"MUSC151J-02-W16",85,0,0,0
"MUSC151J-03-W16",85,0,0,0
"MUSC151J-04-W16",85,0,0,0
"MUSC151J-05-W16",85,0,0,0
"MUSC152-00-W16",85,0,0,0
"MUSC152J-00-W16",85,0,0,0
"MUSC155-00-W16",85,0,0,0
"MUSC155-01-W16",85,0,0,0
"MUSC155-02-W16",85,0,0,0
"MUSC155-03-W16",85,0,0,0
"MUSC155J-00-W16",85,0,0,0
"MUSC155J-01-W16",85,0,0,0
"MUSC155J-02-W16",85,0,0,0
"MUSC155J-03-W16",85,0,0,0
"MUSC156-00-W16",85,0,0,0
"MUSC156-01-W16",85,0,0,0
"MUSC156-02-W16",85,0,0,0
"MUSC156-03-W16",85,0,0,0
"MUSC156J-00-W16",85,0,0,0
"MUSC156J-01-W16",85,0,0,0
"MUSC156J-02-W16",85,0,0,0
"MUSC156J-03-W16",85,0,0,0
"MUSC157-00-W16",85,0,0,0
"MUSC157-01-W16",85,0,0,0
"MUSC157J-00-W16",85,0,0,0
"MUSC157J-01-W16",85,0,0,0
"MUSC158-00-W16",85,0,0,0
"MUSC158J-00-W16",85,0,0,0
"MUSC159-00-W16",85,0,0,0
"MUSC159J-00-W16",85,0,0,0
"MUSC160-01-W16",85,0,0,0
"MUSC160-02-W16",85,0,0,0
"MUSC160J-01-W16",85,0,0,0
"MUSC160J-02-W16",85,0,0,0
"MUSC161-00-W16",85,0,0,0
"MUSC161J-00-W16",85,0,0,0
"MUSC162-00-W16",85,0,0,0
"MUSC162J-00-W16",85,0,0,0
"MUSC163-00-W16",85,0,0,0
"MUSC163J-00-W16",85,0,0,0
"MUSC164-00-W16",85,0,0,0
"MUSC164J-00-W16",85,0,0,0
"MUSC165-00-W16",85,0,0,0
"MUSC165J-00-W16",85,0,0,0
"MUSC166-01-W16",85,0,0,0
"MUSC166-02-W16",85,0,0,0
"MUSC166J-01-W16",85,0,0,0
"MUSC166J-02-W16",85,0,0,0
"MUSC167-00-W16",85,0,0,0
"MUSC167J-00-W16",85,0,0,0
"MUSC168-00-W16",85,0,0,0
"MUSC168J-00-W16",85,0,0,0
"MUSC169-00-W16",85,0,0,0
"MUSC169J-00-W16",85,0,0,0
"MUSC170-00-W16",85,0,0,0
"MUSC170J-00-W16",85,0,0,0
"MUSC171-00-W16",85,0,0,0
"MUSC171J-00-W16",85,0,0,0
"MUSC172-00-W16",85,0,0,0
"MUSC172J-00-W16",85,0,0,0
"MUSC174-00-W16",85,0,0,0
"MUSC174J-00-W16",85,0,0,0
"MUSC175-00-W16",85,0,0,0
"MUSC175J-00-W16",85,0,0,0
"MUSC176-00-W16",85,0,0,0
"MUSC176J-00-W16",85,0,0,0
"MUSC177-00-W16",85,0,0,0
"MUSC177J-00-W16",85,0,0,0
"MUSC178-00-W16",85,0,0,0
"MUSC178J-00-W16",85,0,0,0
"MUSC179-00-W16",85,0,0,0
"MUSC179J-00-W16",85,0,0,0
"MUSC180-00-W16",85,0,0,0
"MUSC180J-00-W16",85,0,0,0
"MUSC181-00-W16",85,0,0,0
"MUSC181J-00-W16",85,0,0,0
"MUSC182-00-W16",85,0,0,0
"MUSC182J-00-W16",85,0,0,0
"MUSC183-00-W16",85,0,0,0
"MUSC183J-00-W16",85,0,0,0
"MUSC184-00-W16",85,0,0,0
"MUSC184J-00-W16",85,0,0,0
"MUSC185-01-W16",85,0,0,0
"MUSC185-02-W16",85,0,0,0
"MUSC186-00-W16",85,0,0,0
"MUSC187-00-W16",85,0,1,0
"MUSC188-00-W16",85,0,0,0
"MUSC189-00-W16",85,0,0,0
"MUSC190-00-W16",85,0,0,0
"MUSC192-00-W16",85,0,0,0
"MUSC194-00-W16",85,0,0,0
"MUSC195-00-W16",85,0,0,0
"MUSC197-00-W16",85,0,0,0
"MUSC199-00-W16",85,0,0,0
"MUSC204-00-W16",85,0,0,0
"MUSC208-00-W16",85,0,0,0
"MUSC220-00-W16",85,0,0,15
"MUSC248-00-W16",85,0,34,82
"MUSC250-00-W16",85,0,0,0
"MUSC250-01-W16",85,0,0,0
"MUSC250-02-W16",85,0,0,0
"MUSC250-03-W16",85,0,0,0
"MUSC250-04-W16",85,0,0,0
"MUSC250J-00-W16",85,0,0,0
"MUSC250J-01-W16",85,0,0,0
"MUSC250J-02-W16",85,0,0,0
"MUSC250J-03-W16",85,0,0,0
"MUSC250J-04-W16",85,0,0,0
"MUSC251-00-W16",85,0,0,0
"MUSC251-01-W16",85,0,0,0
"MUSC251-02-W16",85,0,0,0
"MUSC251-03-W16",85,0,0,0
"MUSC251-04-W16",85,0,0,0
"MUSC251-05-W16",85,0,0,0
"MUSC251J-00-W16",85,0,0,0
"MUSC251J-01-W16",85,0,0,0
"MUSC251J-02-W16",85,0,0,0
"MUSC251J-03-W16",85,0,0,0
"MUSC251J-04-W16",85,0,0,0
"MUSC251J-05-W16",85,0,0,0
"MUSC252-00-W16",85,0,0,0
"MUSC252J-00-W16",85,0,0,0
"MUSC255-00-W16",85,0,0,0
"MUSC255-01-W16",85,0,0,0
"MUSC255-02-W16",85,0,0,0
"MUSC255-03-W16",85,0,0,0
"MUSC255J-00-W16",85,0,0,0
"MUSC255J-01-W16",85,0,0,0
"MUSC255J-02-W16",85,0,0,0
"MUSC255J-03-W16",85,0,0,0
"MUSC256-00-W16",85,0,0,0
"MUSC256-01-W16",85,0,0,0
"MUSC256-02-W16",85,0,0,0
"MUSC256-03-W16",85,0,0,0
"MUSC256J-00-W16",85,0,0,0
"MUSC256J-01-W16",85,0,0,0
"MUSC256J-02-W16",85,0,0,0
"MUSC256J-03-W16",85,0,0,0
"MUSC257-00-W16",85,0,0,0
"MUSC257-01-W16",85,0,0,0
"MUSC257J-00-W16",85,0,0,0
"MUSC257J-01-W16",85,0,0,0
"MUSC258-00-W16",85,0,0,0
"MUSC258J-00-W16",85,0,0,0
"MUSC259-00-W16",85,0,0,0
"MUSC259J-00-W16",85,0,0,0
"MUSC260-01-W16",85,0,0,0
"MUSC260-02-W16",85,0,0,0
"MUSC260J-01-W16",85,0,0,0
"MUSC260J-02-W16",85,0,0,0
"MUSC261-00-W16",85,0,0,0
"MUSC261J-00-W16",85,0,0,0
"MUSC262-00-W16",85,0,0,0
"MUSC262J-00-W16",85,0,0,0
"MUSC263-00-W16",85,0,0,0
"MUSC263J-00-W16",85,0,0,0
"MUSC264-00-W16",85,0,0,0
"MUSC264J-00-W16",85,0,0,0
"MUSC265-00-W16",85,0,0,0
"MUSC265J-00-W16",85,0,0,0
"MUSC266-01-W16",85,0,0,0
"MUSC266-02-W16",85,0,0,0
"MUSC266J-01-W16",85,0,0,0
"MUSC266J-02-W16",85,0,0,0
"MUSC267-00-W16",85,0,0,0
"MUSC267J-00-W16",85,0,0,0
"MUSC268-00-W16",85,0,0,0
"MUSC268J-00-W16",85,0,0,0
"MUSC269-00-W16",85,0,0,0
"MUSC269J-00-W16",85,0,0,0
"MUSC270-00-W16",85,0,0,0
"MUSC270J-00-W16",85,0,0,0
"MUSC271-00-W16",85,0,0,0
"MUSC271J-00-W16",85,0,0,0
"MUSC272-00-W16",85,0,0,0
"MUSC272J-00-W16",85,0,0,0
"MUSC274-00-W16",85,0,0,0
"MUSC274J-00-W16",85,0,0,0
"MUSC275-00-W16",85,0,0,0
"MUSC275J-00-W16",85,0,0,0
"MUSC276-00-W16",85,0,0,0
"MUSC276J-00-W16",85,0,0,0
"MUSC277-00-W16",85,0,0,0
"MUSC277J-00-W16",85,0,0,0
"MUSC278-00-W16",85,0,0,0
"MUSC278J-00-W16",85,0,0,0
"MUSC279-00-W16",85,0,0,0
"MUSC279J-00-W16",85,0,0,0
"MUSC280-00-W16",85,0,0,0
"MUSC280J-00-W16",85,0,0,0
"MUSC281-00-W16",85,0,0,0
"MUSC281J-00-W16",85,0,0,0
"MUSC282-00-W16",85,0,0,0
"MUSC282J-00-W16",85,0,0,0
"MUSC283-00-W16",85,0,0,0
"MUSC283J-00-W16",85,0,0,0
"MUSC284-00-W16",85,0,0,0
"MUSC284J-00-W16",85,0,0,0
"MUSC285J-00-W16",85,0,0,0
"MUSC286J-00-W16",85,0,0,0
"MUSC299-00-W16",85,0,0,0
"MUSC306-00-W16",85,0,0,0
"MUSC333-00-W16",85,0,18,7
"MUSC400-00-W16",85,0,0,0
"OCP980-00-W16",85,0,0,0
"PE101-00-W16",85,0,0,0
"PE102-00-W16",85,0,0,0
"PE103-00-W16",85,0,0,0
"PE104-00-W16",85,0,0,0
"PE105-00-W16",85,0,0,0
"PE106-00-W16",85,0,0,0
"PE107-00-W16",85,0,0,0
"PE108-00-W16",85,0,0,0
"PE111-00-W16",85,0,0,0
"PE114-00-W16",85,0,0,0
"PE124-00-W16",85,0,13,3
"PE125-00-W16",85,0,0,0
"PE131-01-W16",85,0,0,0
"PE131-02-W16",85,0,0,0
"PE133-00-W16",85,0,0,0
"PE134-00-W16",85,0,0,0
"PE142-00-W16",85,0,0,0
"PE145-00-W16",85,0,1,0
"PE148-00-W16",85,0,0,0
"PE149-00-W16",85,0,0,0
"PE150-00-W16",85,0,0,0
"PE151-00-W16",85,0,0,0
"PE158-01-W16",85,0,0,0
"PE158-02-W16",85,0,0,0
"PE158-03-W16",85,0,0,0
"PE158-WL2-W16",85,0,0,0
"PE160-00-W16",85,0,0,0
"PE162-00-W16",85,0,13,28
"PE167-00-W16",85,0,0,0
"PE168-00-W16",85,0,0,0
"PE169-00-W16",85,0,0,0
"PE171-00-W16",85,0,0,0
"PE172-00-W16",85,0,0,0
"PE173-00-W16",85,0,0,0
"PE174-07-W16",85,0,0,0
"PE177-00-W16",85,0,0,0
"PE178-00-W16",85,0,0,0
"PE181-00-W16",85,0,0,0
"PE189-00-W16",85,0,0,0
"PE199-01-W16",85,0,0,0
"PE199-02-W16",85,0,0,0
"PE199-03-W16",85,0,1,0
"PE211-00-W16",85,0,0,0
"PE212-00-W16",85,4,16,0
"PE214-00-W16",85,0,0,0
"PE231-00-W16",85,0,0,0
"PE232-00-W16",85,0,0,0
"PE263-00-W16",85,0,0,0
"PE265-00-W16",85,0,0,0
"PE272-00-W16",85,0,0,0
"PE273-00-W16",85,0,0,0
"PE276-00-W16",85,0,0,0
"PE286-00-W16",85,0,0,0
"PE287-00-W16",85,0,0,0
"PE290-00-W16",85,0,0,0
"PE290-07-W16",85,1,4,1
"PE316-00-W16",85,0,0,0
"PE332-00-W16",85,0,0,0
"PE338-07-W16",85,13,13,5
"PE340-07-W16",85,0,1,0
"PE350-00-W16",85,0,3,0
"PHIL112-00-W16",85,25,27,1
"PHIL114-00-W16",85,0,8,0
"PHIL199-00-W16",85,0,0,0
"PHIL210-00-W16",85,0,0,0
"PHIL222-00-W16",85,0,0,0
"PHIL226-00-W16",85,12,39,2
"PHIL231-00-W16",85,0,4,0
"PHIL243-00-W16",85,0,0,0
"PHIL272-00-W16",85,0,39,4
"PHIL399-00-W16",85,0,30,2
"PHYS131-00-W16",85,0,41,1
"PHYS131L-52-W16",85,0,0,0
"PHYS131L-WL2-W16",85,0,0,0
"PHYS141-00-W16",85,0,41,14
"PHYS141L-54-W16",85,0,0,0
"PHYS141L-57-W16",85,0,0,0
"PHYS141L-WL4-W16",85,0,0,0
"PHYS141L-WL7-W16",85,0,0,0
"PHYS151-01-W16",85,0,24,0
"PHYS151-02-W16",85,0,33,2
"PHYS151L-52-W16",85,0,0,0
"PHYS151L-54-W16",85,0,0,0
"PHYS151L-57-W16",85,0,0,0
"PHYS151L-WL2-W16",85,0,0,0
"PHYS151L-WL4-W16",85,0,0,0
"PHYS151L-WL7-W16",85,0,0,0
"phys165-00-w16",85,6,14,28
"PHYS165L-52-W16",85,0,42,3
"PHYS165L-59-W16",85,0,41,3
"PHYS229-00-W16",85,0,0,0
"PHYS230-00-W16",85,0,0,0
"PHYS335-00-W16",85,0,0,0
"PHYS341-00-W16",85,0,35,3
"PHYS356-00-W16",85,0,0,0
"PHYS400-01-W16",85,0,0,0
"PHYS400-02-W16",85,0,0,0
"PHYS400-03-W16",85,0,0,0
"PHYS400-04-W16",85,0,0,0
"PHYS400-05-W16",85,0,0,0
"PHYS400-06-W16",85,0,0,0
"PHYS400-08-W16",85,0,0,0
"PHYS400-09-W16",85,0,0,0
"POSC120-00-W16",85,0,6,3
"POSC120-WL0-W16",85,0,0,0
"POSC122-00-W16",85,3,1,4
"POSC170-01-W16",85,0,0,0
"POSC170-02-W16",85,0,17,0
"POSC170-WL1-W16",85,0,0,0
"POSC203-00-W16",85,0,2,7
"POSC220-00-W16",85,0,3,0
"POSC230-00-W16",85,9,28,5
"POSC237-00-W16",85,0,0,0
"POSC238-07-W16",85,0,1,0
"POSC245-00-W16",85,0,16,0
"POSC259-00-W16",85,0,0,0
"POSC264-00-W16",85,0,0,0
"POSC265-00-W16",85,0,0,0
"POSC267-00-W16",85,0,8,0
"POSC272-00-W16",85,34,1,0
"POSC277-00-W16",85,0,0,0
"POSC303-00-W16",85,1,33,7
"POSC349-00-W16",85,0,0,0
"POSC400-03-W16",85,0,0,0
"POSC400-05-W16",85,0,0,0
"POSC400-06-W16",85,0,0,0
"POSC400-08-W16",85,0,0,0
"POSC400-10-W16",85,0,0,0
"POSC400-11-W16",85,0,7,1
"POSC400-12-W16",85,0,0,0
"POSC400-13-W16",85,0,0,0
"PSYC110-01-W16",85,0,0,0
"PSYC110-02-W16",85,3,33,0
"PSYC110-WL2-W16",85,0,0,0
"PSYC200-00-W16",85,8,67,66
"PSYC201-01-W16",85,0,0,0
"PSYC201-02-W16",85,0,0,0
"PSYC216-00-W16",85,0,26,2
"PSYC217-01-W16",85,0,0,0
"PSYC217-02-W16",85,0,0,0
"PSYC232-00-W16",85,0,12,0
"PSYC233-01-W16",85,0,0,0
"PSYC233-02-W16",85,0,0,0
"PSYC256-00-W16",85,0,39,0
"PSYC257-01-W16",85,0,10,0
"PSYC257-02-W16",85,0,10,0
"PSYC362-00-W16",85,1,69,0
"PSYC371-00-W16",85,0,53,0
"PSYC388-00-W16",85,0,5,0
"PSYC392-11-W16",85,0,0,0
"PSYC400-01-W16",85,0,0,0
"PSYC400-02-W16",85,0,0,0
"PSYC400-03-W16",85,0,0,0
"PSYC400-04-W16",85,0,0,0
"PSYC400-05-W16",85,0,0,0
"PSYC400-06-W16",85,0,0,0
"PSYC400-08-W16",85,0,0,0
"PSYC400-09-W16",85,0,0,0
"PSYC400-10-W16",85,0,0,0
"PSYC400-11-W16",85,0,0,0
"PSYC400-12-W16",85,0,0,0
"PSYC400-13-W16",85,0,0,0
"RELG110-00-W16",85,4,4,1
"RELG122-00-W16",85,0,0,0
"RELG130-00-W16",85,0,34,4
"RELG153-00-W16",85,2,6,2
"RELG227-00-W16",85,0,16,0
"RELG262-00-W16",85,0,0,0
"RELG287-00-W16",85,0,24,1
"RELG300-00-W16",85,0,15,0
"RELG326-00-W16",85,0,26,0
"RELG399-00-W16",85,0,3,0
"RUSS102-01-W16",85,0,0,0
"RUSS102-02-W16",85,0,0,0
"russ102-w16",85,113,52,33
"russ205",85,0,1,0
"RUSS205-00-W16",85,72,101,31
"russ205-courier",85,0,0,0
"russ205-mixed",85,0,1,0
"RUSS347-00-W16",85,1,30,2
"RUSS400-00-W16",85,0,0,0
"SOAN110-00-W16",85,0,24,6
"SOAN110-WL0-W16",85,0,0,0
"SOAN111-00-W16",85,0,41,0
"SOAN111-WL0-W16",85,0,0,0
"SOAN114-00-W16",85,0,40,6
"SOAN221-00-W16",85,0,1,0
"SOAN225-00-W16",85,0,0,0
"SOAN227-00-W16",85,0,0,0
"SOAN240-00-W16",85,0,2,0
"SOAN241-07-W16",85,0,0,0
"SOAN251-07-W16",85,0,0,0
"SOAN256-00-W16",85,0,0,0
"SOAN262-00-W16",85,0,12,0
"SOAN283-00-W16",85,0,0,0
"SOAN290-07-W16",85,0,0,0
"SOAN295-07-W16",85,0,0,0
"SOAN340-00-W16",85,0,71,0
"SOAN400-01-W16",85,0,0,0
"SOAN400-02-W16",85,0,0,0
"SOAN400-03-W16",85,0,0,0
"SOAN400-04-W16",85,0,0,0
"SOAN400-05-W16",85,0,0,0
"SOAN400-06-W16",85,0,0,0
"SPAN102-01-W16",85,0,0,0
"SPAN102-02-W16",85,2,66,16
"SPAN102-03-W16",85,0,0,0
"SPAN102-04-W16",85,0,0,0
"SPAN102-05-W16",85,11,8,1
"SPAN102-06-W16",85,0,0,0
"SPAN102-08-W16",85,0,102,11
"span102-burdell-w16",85,2,66,22
"span102-w16 (Contreras)",85,11,42,2
"SPAN204-00-W16",85,12,49,8
"SPAN205-00-W16",85,0,11,0
"SPAN208-00-W16",85,0,0,0
"SPAN242-00-W16",85,0,12,4
"SPAN263-00-W16",85,12,9,0
"SPAN342-00-W16",85,18,71,18
"SPAN366-00-W16",85,12,10,0
"SPAN400-00-W16",85,0,0,0
"THEA110-00-W16",85,0,8,0
"THEA185-00-W16",85,0,0,0
"THEA190-00-W16",85,0,0,0
"THEA226-00-W16",85,0,27,0
"THEA239-00-W16",85,0,8,21
"THEA239-01-W16",85,0,0,0
"THEA246-00-W16",85,0,1,0
"THEA400-00-W16",85,0,0,0
"VocalPoint W16",85,0,0,0
"WGST110-00-W16",85,0,0,0
"WGST110-WL0-W16",85,0,0,0
"WGST234-00-W16",85,0,78,23
"WGST400-00-W16",85,0,0,0
