shortname,category,Assignment,Chat,Choice,Database,Feedback,Folder,Forum,Glossary,Label,Language Lesson,Lesson,LTI,Quiz,SCORM,Survey,Wiki,Workshop
AFAM210-00-F15,84,0,0,0,0,0,0,1,0,0,0,0,0,0,0,0,0,0
AMST115-00-F15,84,3,0,0,0,0,0,1,0,0,0,0,0,0,0,0,0,0
AMST115-WL0-F15,84,0,0,0,0,0,0,0,0,0,0,0,0,0,0,0,0,0
AMST399-00-F15,84,11,0,0,0,0,0,3,0,42,0,0,0,0,0,0,0,0
ARBC100-00-F15,84,0,0,0,0,0,1,1,0,0,0,0,0,0,0,0,0,0
ARBC101-00-F15,84,1,0,0,0,0,0,8,0,20,22,0,0,14,0,0,0,0
ARBC204-00-F15,84,0,0,0,0,0,0,6,0,14,20,0,0,6,0,0,0,0
ARTH100-00-F15,84,0,0,0,0,0,3,1,0,0,0,0,0,0,0,0,0,0
ARTH101-00-F15,84,0,0,0,0,0,8,1,0,0,0,0,0,0,0,0,0,0
ARTH165-00-F15,84,0,0,0,0,0,0,1,0,0,0,0,0,0,0,0,0,0
ARTH171-00-F15,84,0,0,0,0,0,3,11,0,0,0,0,0,0,0,0,0,0
ARTH225-00-F15,84,0,0,0,0,0,0,1,0,0,0,0,0,0,0,0,0,0
ARTH247-00-F15,84,0,0,0,0,0,21,1,0,0,0,0,0,0,0,0,0,0
ARTH400-01-F15,84,0,0,0,0,0,0,0,0,0,0,0,0,0,0,0,0,0
ARTH400-02-F15,84,0,0,0,0,0,0,0,0,0,0,0,0,0,0,0,0,0
ARTH400-03-F15,84,0,0,0,0,0,0,0,0,0,0,0,0,0,0,0,0,0
ARTH400-04-F15,84,0,0,0,0,0,0,1,0,0,0,0,0,0,0,0,0,0
ARTS110-01-F15,84,0,0,0,0,0,0,1,0,3,0,0,0,0,0,0,0,0
ARTS110-02-F15,84,11,0,0,0,0,0,1,0,0,0,0,0,0,0,0,0,0
ARTS141-00-F15,84,0,0,0,0,0,0,1,0,0,0,0,0,0,0,0,0,0
ARTS213-00-F15,84,0,0,0,0,0,0,1,0,0,0,0,0,0,0,0,0,0
ARTS230-01-F15,84,0,0,0,0,0,0,1,0,0,0,0,0,0,0,0,0,0
ARTS230-02-F15,84,0,0,0,0,0,0,0,0,0,0,0,0,0,0,0,0,0
arts230-F15,84,4,0,0,0,0,0,3,0,0,0,0,0,0,0,0,0,0
ARTS240-00-F15,84,0,0,0,0,0,0,1,0,0,0,0,0,0,0,0,0,0
ARTS251-00-F15,84,0,0,0,0,0,0,0,0,0,0,0,0,0,0,0,0,0
ARTS251-WL0-F15,84,0,0,0,0,0,0,0,0,0,0,0,0,0,0,0,0,0
ARTS291-11-F15,84,0,0,0,0,0,0,1,0,0,0,0,0,0,0,0,0,0
ARTS391-11-F15,84,0,0,0,0,0,0,0,0,0,0,0,0,0,0,0,0,0
ARTS400-00-F15,84,19,0,0,0,0,0,1,0,0,0,0,0,0,0,0,0,0
ASST400-00-F15,84,0,0,0,0,0,0,0,0,0,0,0,0,0,0,0,0,0
ASTR100-00-F15,84,0,0,0,0,0,1,1,0,32,0,0,0,0,0,0,0,0
ASTR113-00-F15,84,0,0,0,0,0,4,1,0,0,0,0,0,0,0,0,0,0
ASTR232-00-F15,84,8,0,0,0,0,0,1,0,19,0,0,0,0,0,0,0,0
ASTR356-00-F15,84,0,0,0,0,0,0,0,0,0,0,0,0,0,0,0,0,0
BIOL125-00-F15,84,1,0,0,0,0,0,2,0,3,0,0,0,4,0,0,0,0
BIOL125L-53-F15,84,0,0,0,0,0,0,1,0,0,0,0,0,0,0,0,0,0
BIOL125L-54-F15,84,0,0,0,0,0,0,1,0,0,0,0,0,0,0,0,0,0
BIOL125L-59-F15,84,0,0,0,0,0,0,1,0,0,0,0,0,0,0,0,0,0
biol125l-f15,84,12,0,0,0,0,10,1,0,16,0,0,0,0,0,0,0,0
BIOL125L-WL3-F15,84,0,0,0,0,0,0,0,0,0,0,0,0,0,0,0,0,0
BIOL125L-WL4-F15,84,0,0,0,0,0,0,0,0,0,0,0,0,0,0,0,0,0
BIOL125L-WL9-F15,84,0,0,0,0,0,0,0,0,0,0,0,0,0,0,0,0,0
BIOL252-00-F15,84,0,0,0,0,0,0,1,0,0,0,0,0,0,0,0,0,0
BIOL253-00-F15,84,0,0,0,0,0,0,0,0,0,0,0,0,0,0,0,0,0
BIOL280-00-F15,84,1,0,0,0,1,7,1,0,12,0,0,0,0,0,0,0,0
BIOL281-01-F15,84,2,0,0,0,0,4,1,0,12,0,0,0,0,0,0,0,0
BIOL281-02-F15,84,2,0,0,0,0,5,1,0,12,0,0,0,0,0,0,0,0
BIOL321-00-F15,84,5,0,0,0,0,0,1,0,0,0,0,0,0,0,0,0,0
BIOL322-00-F15,84,0,0,0,0,0,0,0,0,0,0,0,0,0,0,0,0,0
BIOL350-00-F15,84,15,0,0,0,0,2,1,0,0,0,0,0,0,0,0,0,0
BIOL380-00-F15,84,0,0,0,0,0,0,1,0,0,0,0,0,0,0,0,0,0
BIOL381-01-F15,84,0,0,0,0,0,0,1,0,0,0,0,0,0,0,0,0,0
BIOL381-02-F15,84,0,0,0,0,0,0,1,0,0,0,0,0,0,0,0,0,0
BIOL389-00-F15,84,7,0,0,0,0,2,11,1,35,0,0,0,3,0,0,0,0
BIOL391-11-F15,84,0,0,0,0,0,0,0,0,0,0,0,0,0,0,0,0,0
BIOL395-00-F15,84,0,0,0,0,0,0,2,0,20,0,0,0,0,0,0,0,0
BIOL399-00-F15,84,0,0,0,0,0,0,0,0,0,0,0,0,0,0,0,0,0
BIOL399-01-F15,84,0,0,0,0,0,0,1,0,0,0,0,0,0,0,0,0,0
BIOL399-02-F15,84,0,0,0,0,0,0,1,0,0,0,0,0,0,0,0,0,0
BIOL399-03-F15,84,0,0,0,0,0,0,1,0,0,0,0,0,0,0,0,0,0
BIOL399-04-F15,84,0,0,0,0,0,0,1,0,0,0,0,0,0,0,0,0,0
BIOL399-05-F15,84,0,0,0,0,0,0,1,0,0,0,0,0,0,0,0,0,0
BIOL400-00-F15,84,0,0,0,0,0,0,1,0,0,0,0,0,0,0,0,0,0
CAMS100-00-F15,84,11,0,0,0,0,2,3,0,19,0,0,0,0,0,0,0,0
CAMS110-00-F15,84,0,0,0,0,0,1,1,0,0,0,0,0,0,0,0,0,0
CAMS110-WL0-F15,84,0,0,0,0,0,0,0,0,0,0,0,0,0,0,0,0,0
CAMS111-01-F15,84,4,0,0,0,0,0,1,0,56,0,0,0,0,0,0,0,0
CAMS111-02-F15,84,0,0,0,0,2,0,11,0,4,0,0,0,4,0,0,0,0
CAMS111-WL1-F15,84,0,0,0,0,0,0,0,0,0,0,0,0,0,0,0,0,0
CAMS111-WL2-F15,84,0,0,0,0,0,0,0,0,0,0,0,0,0,0,0,0,0
CAMS211-00-F15,84,0,0,0,0,0,0,1,0,0,0,0,0,0,0,0,0,0
CAMS242-00-F15,84,4,0,0,0,0,0,1,0,0,0,0,0,0,0,0,0,0
CAMS270-00-F15,84,2,0,0,0,0,5,3,0,12,0,0,0,0,0,0,0,0
CAMS279-00-F15,84,6,0,0,0,0,0,4,0,0,0,0,0,0,0,0,0,0
CAMS350-00-F15,84,6,0,0,0,0,0,1,0,46,0,0,0,0,0,0,0,0
CAMS400-00-F15,84,0,0,0,0,0,0,0,0,0,0,0,0,0,0,0,0,0
CAMS400-01-F15,84,0,0,0,0,0,0,1,0,0,0,0,0,0,0,0,0,0
CAMS400-02-F15,84,0,0,0,0,0,0,1,0,0,0,0,0,0,0,0,0,0
CAMS400-03-F15,84,0,0,0,0,0,0,1,0,0,0,0,0,0,0,0,0,0
CAMS400-04-F15,84,0,0,0,0,0,0,1,0,0,0,0,0,0,0,0,0,0
CAMS400-05-F15,84,0,0,0,0,0,0,1,0,0,0,0,0,0,0,0,0,0
CAMS400-06-F15,84,0,0,0,0,0,0,1,0,0,0,0,0,0,0,0,0,0
Carleton Choir Fall '15,84,0,0,0,0,0,1,1,0,0,0,0,0,0,0,0,0,0
CCST100-01-F15,84,0,0,0,0,0,1,5,0,1,0,0,0,0,0,0,0,0
CCST100-02-F15,84,11,0,0,0,0,4,1,0,0,0,0,0,0,0,0,0,0
CCST208-00-F15,84,0,0,0,0,0,0,10,0,0,0,0,0,0,0,0,0,0
CGSC100-00-F15,84,2,0,0,0,0,0,1,0,0,0,0,0,0,0,0,0,0
CGSC130-00-F15,84,0,0,0,0,0,0,1,0,0,0,0,0,0,0,0,0,0
CGSC396-00-F15,84,0,0,0,0,0,0,1,0,0,0,0,0,0,0,0,0,0
CHEM122-00-F15,84,22,0,1,0,1,1,1,0,25,0,0,0,0,0,0,0,0
CHEM123-00-F15,84,8,0,0,0,2,1,1,0,7,0,0,0,0,0,0,0,0
CHEM123L-52-F15,84,6,0,0,0,0,0,1,0,6,0,0,0,0,0,0,0,0
CHEM123L-57-F15,84,6,0,0,0,0,0,1,0,6,0,0,0,0,0,0,0,0
CHEM230-00-F15,84,44,0,0,0,0,6,1,0,0,0,0,0,0,0,0,0,0
CHEM230L-54-F15,84,0,0,0,0,0,0,1,0,0,0,0,0,0,0,0,0,0
CHEM230L-59-F15,84,0,0,0,0,0,0,1,0,0,0,0,0,0,0,0,0,0
CHEM233-01-F15,84,33,0,0,0,0,0,1,0,9,0,0,0,7,0,0,0,0
CHEM233-02-F15,84,33,0,0,0,0,8,1,0,96,0,0,0,1,0,0,0,0
CHEM233L-52-F15,84,0,0,0,0,0,0,1,0,0,0,0,0,0,0,0,0,0
CHEM233L-54-F15,84,0,0,0,0,0,0,0,0,0,0,0,0,0,0,0,0,0
CHEM233L-57-F15,84,0,0,0,0,0,0,1,0,0,0,0,0,0,0,0,0,0
CHEM233L-59-F15,84,0,0,0,0,0,0,0,0,0,0,0,0,0,0,0,0,0
CHEM301-01-F15,84,0,0,0,0,0,0,0,0,0,0,0,0,0,0,0,0,0
CHEM301-02-F15,84,0,0,0,0,0,0,0,0,0,0,0,0,0,0,0,0,0
CHEM301-03-F15,84,0,0,0,0,0,0,0,0,0,0,0,0,0,0,0,0,0
CHEM301-04-F15,84,0,0,0,0,0,0,0,0,0,0,0,0,0,0,0,0,0
CHEM301-f15,84,4,0,0,0,0,1,1,0,3,0,0,0,1,0,0,1,0
CHEM343-00-F15,84,1,0,0,0,1,0,1,0,0,0,0,0,0,0,0,0,0
CHEM358-00-F15,84,15,0,2,0,0,3,1,0,7,0,0,0,0,0,0,0,0
CHEM391-11-F15,84,0,0,0,0,0,0,0,0,0,0,0,0,0,0,0,0,0
CHEM394-00-F15,84,0,0,0,0,0,0,0,0,0,0,0,0,0,0,0,0,0
CHIN101-01-F15,84,0,0,0,0,0,0,1,0,0,0,0,0,0,0,0,0,0
CHIN101-02-F15,84,0,0,0,0,0,0,1,0,0,0,0,0,0,0,0,0,0
chin101-f15,84,0,0,0,0,0,0,1,0,0,23,0,0,0,0,0,0,0
CHIN204-01-F15,84,0,0,0,0,0,0,1,0,0,0,0,0,0,0,0,0,0
CHIN204-02-F15,84,0,0,0,0,0,0,1,0,0,0,0,0,0,0,0,0,0
chin204-f15,84,0,0,0,0,0,0,2,0,0,16,0,0,0,0,0,0,0
CHIN248-00-F15,84,0,0,0,0,0,0,1,0,0,6,0,0,0,0,0,0,0
CHIN280-00-F15,84,0,0,0,0,0,0,1,0,0,3,0,0,0,0,0,0,0
CHIN301S-00-F15,84,0,0,0,0,0,0,0,0,0,0,0,0,0,0,0,0,0
CHINA400-00-F15,84,0,0,0,0,0,0,0,0,0,0,0,0,0,0,0,0,0
CLAS100-00-F15,84,7,0,0,0,0,0,2,0,1,0,0,0,0,0,0,0,0
CLAS394-00-F15,84,0,0,0,0,0,0,0,0,0,0,0,0,0,0,0,0,0
CS111-01-F15,84,17,0,0,0,1,0,26,0,34,0,0,1,0,0,0,0,0
CS111-02-F15,84,0,0,0,0,0,0,0,0,0,0,0,0,0,0,0,0,0
CS111-03-F15,84,22,0,0,0,0,2,2,0,2,0,0,0,3,0,0,0,0
CS111-WL1-F15,84,0,0,0,0,0,0,0,0,0,0,0,0,0,0,0,0,0
CS111-WL2-F15,84,0,0,0,0,0,0,0,0,0,0,0,0,0,0,0,0,0
CS201-00-F15,84,32,0,0,0,0,0,1,0,30,0,0,0,3,0,0,0,0
CS202-00-F15,84,27,0,0,0,0,0,1,0,29,0,0,0,0,0,0,0,0
CS208-00-F15,84,15,0,0,0,0,0,1,0,0,0,0,0,0,0,0,0,0
CS251-00-F15,84,29,0,0,0,0,0,2,0,2,0,0,1,0,0,0,0,0
CS252-00-F15,84,5,0,0,0,0,0,1,0,1,0,0,0,0,0,0,0,0
CS254-00-F15,84,0,0,0,0,0,0,11,0,0,0,0,1,0,0,0,0,0
CS322-00-F15,84,13,0,1,0,1,0,2,0,0,0,0,0,0,0,0,0,0
CS331-00-F15,84,34,0,0,0,0,0,12,0,28,0,0,0,0,0,0,1,0
CS399-01-F15,84,0,0,0,0,0,0,0,0,0,0,0,0,0,0,0,0,0
CS399-02-F15,84,0,0,0,0,0,0,0,0,0,0,0,0,0,0,0,0,0
CS399-03-F15,84,0,0,0,0,0,0,0,0,0,0,0,0,0,0,0,0,0
CS399-04-F15,84,0,0,0,0,0,0,0,0,0,0,0,0,0,0,0,0,0
CS399-05-F15,84,0,0,0,0,0,0,0,0,0,0,0,0,0,0,0,0,0
CS399-06-F15,84,0,0,0,0,0,0,0,0,0,0,0,0,0,0,0,0,0
CS399-08-F15,84,0,0,0,0,0,0,0,0,0,0,0,0,0,0,0,0,0
CS399-09-F15,84,0,0,0,0,0,0,0,0,0,0,0,0,0,0,0,0,0
CS399-10-F15,84,0,0,0,0,0,0,0,0,0,0,0,0,0,0,0,0,0
CS399-11-F15,84,0,0,0,0,0,0,0,0,0,0,0,0,0,0,0,0,0
DANC107-00-F15,84,0,0,0,0,0,0,0,0,0,0,0,0,0,0,0,0,0
DANC148-00-F15,84,0,0,0,0,0,0,0,0,0,0,0,0,0,0,0,0,0
DANC150-00-F15,84,0,0,0,0,0,0,0,0,0,0,0,0,0,0,0,0,0
DANC200-00-F15,84,0,0,0,0,0,0,0,0,0,0,0,0,0,0,0,0,0
DANC208-00-F15,84,0,0,0,0,0,0,0,0,0,0,0,0,0,0,0,0,0
DANC300-00-F15,84,0,0,0,0,0,0,0,0,0,0,0,0,0,0,0,0,0
DANC301-00-F15,84,0,0,0,0,0,0,0,0,0,0,0,0,0,0,0,0,0
DANC350-00-F15,84,0,0,0,0,0,0,0,0,0,0,0,0,0,0,0,0,0
ECON110-01-F15,84,0,0,0,0,0,10,1,0,0,0,0,0,0,0,0,0,0
ECON110-02-F15,84,0,0,0,0,0,7,1,0,1,0,0,0,0,0,0,0,0
ECON111-01-F15,84,0,0,0,0,0,0,1,0,0,0,0,0,0,0,0,0,0
ECON111-02-F15,84,1,0,0,0,0,0,1,0,0,0,0,0,0,0,0,0,0
ECON111-03-F15,84,2,0,0,0,0,0,1,0,0,0,0,0,0,0,0,0,0
ECON240-00-F15,84,13,0,0,0,0,1,2,0,0,0,0,0,0,0,0,0,0
ECON268-00-F15,84,3,0,0,0,0,0,1,0,22,0,0,0,0,0,0,0,0
ECON271-00-F15,84,11,0,0,0,0,0,1,0,74,0,0,0,0,0,0,0,0
ECON278-00-F15,84,0,0,0,0,0,0,1,0,0,0,0,0,0,0,0,0,0
ECON280-00-F15,84,1,0,0,0,0,1,1,0,0,0,0,0,0,0,0,0,0
ECON329-00-F15,84,0,0,0,0,0,0,1,0,0,0,0,0,0,0,0,0,0
ECON330-00-F15,84,0,0,0,0,0,0,1,0,0,0,0,0,0,0,0,0,0
ECON395-01-F15,84,0,0,2,0,0,9,1,0,2,0,0,0,0,0,0,0,0
ECON395-02-F15,84,5,0,0,0,0,0,1,0,0,0,0,0,0,0,0,0,0
ECON395-03-F15,84,0,0,0,0,0,0,1,0,0,0,0,0,0,0,0,0,0
ECON400-04-F15,84,0,0,0,0,0,0,0,0,0,0,0,0,0,0,0,0,0
EDUC100-00-F15,84,5,0,1,0,0,0,1,0,78,0,0,0,0,0,0,0,0
EDUC110-00-F15,84,7,0,1,0,1,0,1,0,93,0,0,0,0,0,0,0,0
EDUC110-WL0-F15,84,0,0,0,0,0,0,0,0,0,0,0,0,0,0,0,0,0
EDUC234-00-F15,84,7,0,0,0,0,2,2,0,88,0,0,0,0,0,0,0,0
EDUC340-00-F15,84,16,0,0,0,0,8,2,0,57,0,0,0,0,0,0,0,0
EDUC355-00-F15,84,16,0,0,0,0,2,1,0,2,0,0,0,0,0,0,0,0
EDUC356-00-F15,84,0,0,0,0,0,0,0,0,0,0,0,0,0,0,0,0,0
EDUC375-00-F15,84,0,0,0,0,0,0,2,0,0,0,0,0,0,0,0,0,0
ENGL100-01-F15,84,5,0,0,0,0,0,1,0,12,0,0,0,0,0,0,0,0
ENGL100-02-F15,84,0,0,0,0,0,0,5,0,11,0,0,0,0,0,0,0,0
ENGL100-03-F15,84,0,0,0,0,0,0,1,0,0,0,0,0,0,0,0,0,0
ENGL100-04-F15,84,0,0,2,0,0,0,3,0,0,0,0,0,0,0,0,1,0
ENGL100-05-F15,84,0,0,0,0,0,0,0,0,0,0,0,0,0,0,0,0,0
ENGL100-06-F15,84,0,0,0,0,0,0,1,0,0,0,0,0,0,0,0,0,0
ENGL100-08-F15,84,1,0,0,0,0,0,1,0,30,0,0,0,0,0,0,0,0
ENGL117-00-F15,84,0,0,0,0,0,0,0,0,0,0,0,0,0,0,0,0,0
ENGL119-00-F15,84,0,0,0,0,0,0,0,0,0,0,0,0,0,0,0,0,0
ENGL129-00-F15,84,0,0,0,0,0,0,2,0,0,0,0,0,0,0,0,0,0
ENGL144-00-F15,84,1,0,1,0,0,0,11,0,0,0,0,0,0,0,0,1,0
ENGL160-01-F15,84,1,0,0,0,0,0,12,0,0,0,0,0,0,0,0,0,0
ENGL160-02-F15,84,0,0,0,0,0,0,9,0,0,0,0,0,0,0,0,0,0
ENGL160-WL1-F15,84,0,0,0,0,0,0,1,0,0,0,0,0,0,0,0,0,0
ENGL194-00-F15,84,3,0,0,0,0,0,17,0,5,0,0,0,0,0,0,0,0
ENGL217-00-F15,84,0,0,0,0,0,0,0,0,0,0,0,0,0,0,0,0,0
ENGL235-00-F15,84,2,0,0,0,0,0,1,0,0,0,0,0,0,0,0,0,0
ENGL244-00-F15,84,0,0,0,0,0,0,1,0,0,0,0,0,0,0,0,0,0
ENGL247-00-F15,84,0,0,0,0,0,0,0,0,0,0,0,0,0,0,0,0,0
ENGL270-00-F15,84,0,0,0,0,0,0,0,0,0,0,0,0,0,0,0,0,0
ENGL271-00-F15,84,0,0,0,0,0,0,1,0,0,0,0,0,0,0,0,0,0
ENGL273-00-F15,84,0,0,0,0,0,0,6,0,0,0,0,0,0,0,0,0,0
ENGL291-11-F15,84,0,0,0,0,0,0,1,0,0,0,0,0,0,0,0,0,0
ENGL295-00-F15,84,0,0,0,0,0,2,2,0,1,0,0,0,0,0,0,0,0
ENGL323-00-F15,84,0,0,0,0,0,0,2,0,0,0,0,0,0,0,0,0,0
ENGL350-00-F15,84,0,0,0,0,0,1,3,0,0,0,0,0,0,0,0,0,0
ENGL395-01-F15,84,0,0,0,0,0,0,1,1,14,0,0,0,0,0,0,0,0
ENGL395-02-F15,84,7,0,0,0,0,0,24,0,40,0,0,0,0,0,0,0,0
ENTS100-00-F15,84,10,0,0,0,0,0,1,0,0,0,0,0,0,0,0,6,0
ENTS100-01-F15,84,0,0,0,0,0,0,1,0,0,0,0,0,0,0,0,0,0
ENTS100-02-F15,84,0,0,0,0,0,0,0,0,0,0,0,0,0,0,0,0,0
ENTS120-00-F15,84,10,0,0,0,1,3,6,0,104,0,0,1,2,0,0,0,0
ENTS120L-51-F15,84,8,0,0,0,0,0,3,0,16,0,0,0,0,0,0,0,0
ENTS120L-53-F15,84,7,0,0,0,0,0,3,0,11,0,0,0,0,0,0,0,0
ENTS120L-WL1-F15,84,0,0,0,0,0,0,0,0,0,0,0,0,0,0,0,0,0
ENTS120L-WL3-F15,84,0,0,0,0,0,0,0,0,0,0,0,0,0,0,0,0,0
ENTS260-00-F15,84,13,0,0,0,0,4,2,0,0,0,0,0,0,0,0,0,0
ENTS287-00-F15,84,26,0,0,0,4,2,10,0,0,0,0,0,0,0,0,0,0
ENTS395-00-F15,84,7,0,0,0,0,1,3,0,2,0,0,0,0,0,0,0,0
EUST100-00-F15,84,13,0,0,0,0,0,26,0,36,0,0,0,0,0,0,0,0
FREN101-01-F15,84,11,0,0,0,0,13,2,0,59,0,0,0,0,0,0,0,0
FREN101-02-F15,84,0,0,0,0,0,0,1,0,0,0,0,0,0,0,0,0,0
FREN101-03-F15,84,10,0,0,0,0,16,2,0,57,0,0,0,0,0,0,0,0
FREN103-00-F15,84,5,0,0,0,0,3,2,0,53,0,0,0,14,0,0,0,0
FREN204-01-F15,84,8,0,0,0,0,0,1,0,55,0,0,0,37,0,0,0,0
FREN204-02-F15,84,0,0,0,0,0,0,1,0,0,0,0,0,0,0,0,0,0
FREN204-03-F15,84,0,0,0,0,0,0,1,0,0,0,0,0,0,0,0,0,0
fren204-f15 (KeÌøta),84,7,0,0,0,0,0,2,0,52,0,0,0,37,0,0,0,0
FREN210-00-F15,84,0,0,0,0,0,0,2,0,0,0,0,0,0,0,0,0,0
FREN238-00-F15,84,7,0,0,0,0,11,1,0,64,0,0,0,0,0,0,0,0
FREN395-00-F15,84,5,0,0,0,0,0,1,0,44,0,0,0,0,0,0,0,0
FREN400-00-F15,84,0,0,0,0,0,0,0,0,0,0,0,0,0,0,0,0,0
GEOL100-01-F15,84,0,0,0,0,0,0,1,0,0,0,0,0,0,0,0,0,0
GEOL100-02-F15,84,0,0,0,0,0,0,1,0,0,0,0,0,0,0,0,0,0
geol100-f15,84,0,0,0,0,0,3,1,0,0,0,0,0,0,0,0,0,0
GEOL110-00-F15,84,2,0,0,0,0,26,1,0,27,0,0,0,40,0,0,0,0
GEOL110L-51-F15,84,0,0,0,0,0,0,1,0,0,0,0,0,0,0,0,0,0
GEOL110L-52-F15,84,0,0,0,0,0,0,1,0,0,0,0,0,0,0,0,0,0
GEOL110L-WL1-F15,84,0,0,0,0,0,0,0,0,0,0,0,0,0,0,0,0,0
GEOL110L-WL2-F15,84,0,0,0,0,0,0,0,0,0,0,0,0,0,0,0,0,0
GEOL120L-52-F15,84,0,0,0,0,0,0,0,0,0,0,0,0,0,0,0,0,0
GEOL120L-WL2-F15,84,0,0,0,0,0,0,0,0,0,0,0,0,0,0,0,0,0
GEOL210-00-F15,84,9,0,0,0,0,3,1,0,0,0,0,0,0,0,0,0,0
GEOL210L-53-F15,84,0,0,0,0,0,0,1,0,0,0,0,0,0,0,0,0,0
GEOL210L-54-F15,84,3,0,1,0,0,4,2,0,0,0,0,0,1,0,0,0,0
GEOL220-00-F15,84,1,0,0,0,0,2,1,0,1,0,0,0,0,0,0,0,0
GEOL220L-54-F15,84,0,0,0,0,0,0,0,0,0,0,0,0,0,0,0,0,0
GEOL220L-WL4-F15,84,0,0,0,0,0,0,0,0,0,0,0,0,0,0,0,0,0
GEOL360-00-F15,84,0,0,0,0,0,0,0,0,0,0,0,0,0,0,0,0,0
GEOL360L-52-F15,84,0,0,0,0,0,0,0,0,0,0,0,0,0,0,0,0,0
GEOL400-00-F15,84,0,0,0,0,0,0,0,0,0,0,0,0,0,0,0,0,0
GERM101-01-F15,84,0,0,0,0,0,1,2,0,0,0,0,0,0,0,0,0,0
GERM101-02-F15,84,0,0,0,0,0,1,2,0,0,0,0,0,0,0,0,0,0
GERM101-07-F15,84,0,0,0,0,0,0,0,0,0,0,0,0,0,0,0,0,0
GERM105-07-F15,84,0,0,0,0,0,0,0,0,0,0,0,0,0,0,0,0,0
GERM175-07-F15,84,0,0,0,0,0,0,5,0,0,0,0,0,0,0,0,0,0
GERM204-00-F15,84,0,0,0,0,0,1,1,0,0,0,0,0,0,0,0,0,0
GERM205-07-F15,84,0,0,0,0,0,0,0,0,0,0,0,0,0,0,0,0,0
GERM254-07-F15,84,0,0,0,0,0,2,8,0,0,0,0,0,0,0,0,0,0
GERM275-07-F15,84,0,0,0,0,0,0,5,0,0,0,0,0,0,0,0,0,0
GERM305-07-F15,84,0,0,0,0,0,0,1,0,0,0,0,0,0,0,0,0,0
GERM400-00-F15,84,0,0,0,0,0,0,0,0,0,0,0,0,0,0,0,0,0
GRK103-00-F15,84,0,0,0,0,0,0,1,0,0,0,0,0,0,0,0,0,0
GRK281F-00-F15,84,0,0,0,0,0,0,0,0,0,0,0,0,0,0,0,0,0
HEBR103-00-F15,84,0,0,0,0,0,6,1,0,0,0,0,0,0,0,0,0,0
HIST100-01-F15,84,1,0,0,0,0,12,1,0,0,0,0,0,0,0,0,0,0
HIST100-02-F15,84,6,0,0,0,0,16,1,0,0,0,0,0,0,0,0,0,0
HIST100-03-F15,84,0,0,0,0,0,0,1,0,0,0,0,0,0,0,0,0,0
HIST100-04-F15,84,0,0,0,0,0,0,25,0,0,0,0,0,0,0,0,0,0
HIST100-05-F15,84,0,0,0,0,0,0,0,0,0,0,0,0,0,0,0,0,0
HIST100-06-F15,84,4,0,1,0,0,0,3,0,4,0,0,0,0,0,0,0,0
HIST121-00-F15,84,8,0,0,0,0,26,5,0,0,0,0,0,0,0,0,0,0
HIST122-00-F15,84,0,0,0,0,0,0,0,0,0,0,0,0,0,0,0,0,0
HIST162-00-F15,84,0,0,0,0,0,0,1,0,0,0,0,0,0,0,0,0,0
HIST205-00-F15,84,0,0,0,0,0,0,1,0,0,0,0,0,0,0,0,0,0
HIST214-00-F15,84,0,0,0,0,0,0,0,0,0,0,0,0,0,0,0,0,0
HIST232-00-F15,84,6,0,0,0,0,3,1,0,2,0,0,0,0,0,0,0,0
HIST233-00-F15,84,33,0,0,0,0,0,16,0,0,0,0,0,0,0,0,0,0
HIST240-00-F15,84,0,0,0,0,0,0,1,0,0,0,0,0,0,0,0,0,0
HIST245-00-F15,84,1,0,0,0,0,12,6,0,0,0,0,0,0,0,0,0,0
HIST248-07-F15,84,0,0,0,0,0,0,1,0,10,0,0,0,0,0,0,0,0
HIST254-00-F15,84,0,0,0,0,0,0,26,0,0,0,0,0,0,0,0,0,0
HIST266-00-F15,84,0,0,0,0,0,0,1,0,0,0,0,0,0,0,0,0,0
HIST291-11-F15,84,0,0,0,0,0,0,1,0,0,0,0,0,0,0,0,0,0
HIST298-00-F15,84,0,0,3,0,0,0,24,0,4,0,0,0,0,0,0,0,0
HIST391-11-F15,84,0,0,0,0,0,0,0,0,0,0,0,0,0,0,0,0,0
HIST395-00-F15,84,0,0,0,0,0,0,9,0,0,0,0,0,0,0,0,0,0
IDSC100-00-F15,84,0,0,0,0,0,0,1,0,0,0,0,0,0,0,0,0,0
IDSC130-00-F15,84,0,0,0,0,0,0,2,0,1,0,0,0,0,0,0,0,0
IDSC198-00-F15,84,5,0,0,0,0,0,1,0,0,0,0,0,0,0,0,1,0
IDSC202-00-F15,84,0,0,0,0,0,0,1,0,0,0,0,0,0,0,0,0,0
IDSC203-00-F15,84,10,0,0,0,0,2,3,0,3,0,0,0,0,0,0,0,0
IDSC251-01-F15,84,0,0,0,0,0,0,0,0,0,0,0,0,0,0,0,0,0
IDSC251-02-F15,84,0,0,0,0,0,0,0,0,0,0,0,0,0,0,0,0,0
IDSC280-00-F15,84,0,0,0,0,0,0,0,0,0,0,0,0,0,0,0,0,0
IDSC289-00-F15,84,1,0,0,0,0,0,1,0,0,0,0,0,0,0,0,0,0
IDSC298-00-F15,84,0,0,0,0,0,0,1,0,4,0,0,0,0,0,0,0,0
IDSC398-00-F15,84,0,0,0,0,0,0,0,0,0,0,0,0,0,0,0,0,0
JAPAN400-00-F15,84,0,0,0,0,0,0,0,0,0,0,0,0,0,0,0,0,0
JAPN101-01-F15,84,0,0,0,0,0,0,0,0,0,0,0,0,0,0,0,0,0
JAPN101-02-F15,84,0,0,0,0,0,0,1,0,0,0,0,0,0,0,0,0,0
japn101-f15,84,0,0,0,0,0,0,3,0,0,7,0,0,42,0,0,0,0
JAPN204-01-F15,84,0,0,0,0,0,0,1,0,0,0,0,0,2,0,0,0,0
JAPN204-02-F15,84,0,0,0,0,0,0,1,0,0,0,0,0,2,0,0,0,0
japn204-f15,84,0,0,0,0,0,1,1,0,0,2,0,1,2,0,0,0,0
JAPN244-00-F15,84,0,0,0,0,0,0,18,0,0,0,0,0,0,0,0,0,0
JAPN352-00-F15,84,0,0,0,0,0,0,1,0,0,0,0,0,0,0,0,0,0
LATN101-00-F15,84,0,0,0,0,0,0,1,0,0,0,0,0,0,0,0,0,0
LATN204-00-F15,84,0,0,0,0,0,0,1,0,0,0,0,0,0,0,0,0,0
LATN345-00-F15,84,0,0,0,0,0,0,5,0,0,0,0,0,0,0,0,1,0
LCST291-11-F15,84,0,0,0,0,0,0,1,0,0,0,0,0,0,0,0,0,0
LING115-00-F15,84,0,0,0,0,0,13,1,0,0,0,0,0,0,0,0,0,0
LING115-02-F15,84,0,0,0,0,0,0,1,0,0,0,0,0,0,0,0,0,0
LING115-WL2-F15,84,0,0,0,0,0,0,0,0,0,0,0,0,0,0,0,0,0
LING217-00-F15,84,0,0,0,0,0,0,1,0,0,0,0,0,0,0,0,0,0
LING265-00-F15,84,0,0,0,0,0,0,0,0,0,0,0,0,0,0,0,0,0
LING340-00-F15,84,0,0,0,0,0,0,1,0,0,0,0,0,0,0,0,0,0
LING399-00-F15,84,0,0,0,0,0,0,1,0,0,0,0,0,0,0,0,0,0
Lori Pearson Office Hours,84,0,0,0,0,0,0,1,0,0,0,0,0,0,0,0,0,0
LTAM100-00-F15,84,0,0,0,0,0,1,1,0,1,0,0,0,0,0,0,0,0
LTAM400-00-F15,84,0,0,0,0,0,0,0,0,0,0,0,0,0,0,0,0,0
MATH100-00-F15,84,25,0,0,0,0,1,1,0,2,0,0,0,0,0,0,0,0
MATH101-00-F15,84,0,0,0,0,0,0,0,0,0,0,0,0,0,0,0,0,0
MATH111-01-F15,84,0,0,0,0,0,0,1,0,43,0,0,0,16,0,0,0,0
MATH111-02-F15,84,0,0,0,0,0,1,1,0,0,0,0,0,0,0,0,0,0
MATH111-03-F15,84,0,0,0,0,0,0,1,0,42,0,0,0,16,0,0,0,0
math111-f15 (Shereen),84,0,0,0,0,0,0,1,0,3,0,0,0,0,0,0,0,0
MATH115-00-F15,84,12,0,0,0,0,0,1,0,29,0,0,0,0,0,0,0,0
MATH121-01-F15,84,0,0,0,0,0,0,1,0,0,0,0,0,0,0,0,0,0
MATH121-02-F15,84,0,0,0,0,0,0,1,0,3,0,0,0,0,0,0,0,0
MATH121-03-F15,84,0,0,0,0,0,0,1,0,1,0,0,0,1,0,0,0,0
MATH121-04-F15,84,26,0,0,0,0,0,1,0,0,0,0,0,0,0,0,0,0
MATH211-01-F15,84,25,0,0,0,0,0,1,0,0,0,0,0,0,0,0,0,0
MATH211-02-F15,84,0,0,0,0,0,0,1,0,2,0,0,0,0,0,0,0,0
MATH211-03-F15,84,24,0,0,0,2,7,1,0,1,0,0,0,0,0,0,0,0
MATH211-04-F15,84,28,0,0,0,0,0,1,0,27,0,0,0,0,0,0,0,0
MATH215-01-F15,84,12,0,0,0,1,0,2,0,34,0,0,0,0,0,0,0,0
MATH215-02-F15,84,11,0,0,0,0,0,1,0,26,0,0,0,0,0,0,0,0
MATH232-00-F15,84,27,0,0,0,0,0,1,0,0,0,0,0,0,0,0,0,0
MATH236-00-F15,84,26,0,0,0,0,0,1,0,0,0,0,0,0,0,0,0,0
MATH244-00-F15,84,0,0,0,0,0,0,0,0,0,0,0,0,0,0,0,0,0
MATH245-00-F15,84,1,0,0,0,0,0,1,0,32,0,0,0,0,0,0,0,0
MATH255-00-F15,84,8,0,0,0,1,0,1,0,36,0,0,0,0,0,0,0,0
MATH265-00-F15,84,0,0,0,0,0,0,2,0,21,0,0,0,0,0,0,0,0
MATH280-00-F15,84,1,0,0,0,0,0,1,0,9,0,0,0,0,0,0,0,0
MATH295-00-F15,84,0,0,0,0,0,0,1,0,0,0,0,0,0,0,0,0,0
MATH297-00-F15,84,0,0,0,0,0,0,0,0,0,0,0,0,0,0,0,0,0
MATH321-00-F15,84,0,0,0,0,0,0,1,0,1,0,0,0,0,0,0,0,0
MATH354-00-F15,84,0,0,0,0,0,0,0,0,0,0,0,0,0,0,0,0,0
MATH395-00-F15,84,0,0,0,0,0,0,1,0,0,0,0,0,0,0,0,0,0
MATH400-00-F15,84,0,0,0,0,0,0,0,0,0,0,0,0,0,0,0,0,0
MATH400-01-F15,84,0,0,0,0,0,0,0,0,0,0,0,0,0,0,0,0,0
MATH400-02-F15,84,0,0,0,0,0,0,1,0,0,0,0,0,0,0,0,0,0
MATH400-03-F15,84,0,0,0,0,0,0,0,0,0,0,0,0,0,0,0,0,0
MATH400-04-F15,84,0,0,0,0,0,0,0,0,0,0,0,0,0,0,0,0,0
MUSC100-00-F15,84,0,0,0,0,0,0,1,0,0,0,0,0,0,0,0,0,0
MUSC101-00-F15,84,0,0,0,0,0,0,1,0,0,0,0,0,0,0,0,0,0
MUSC103-00-F15,84,0,0,0,0,0,0,0,0,0,0,0,0,0,0,0,0,0
MUSC108-00-F15,84,0,0,0,0,0,0,1,0,0,0,0,0,0,0,0,0,0
MUSC110-00-F15,84,5,0,0,0,0,0,1,0,0,0,0,0,0,0,0,0,0
MUSC130-00-F15,84,0,0,0,0,0,3,1,0,0,0,0,0,0,0,0,0,0
MUSC132-00-F15,84,0,0,0,0,0,3,1,0,0,0,0,0,0,0,0,0,0
MUSC140-00-F15,84,0,0,0,0,0,0,0,0,0,0,0,0,0,0,0,0,0
MUSC150-00-F15,84,0,0,0,0,0,0,0,0,0,0,0,0,0,0,0,0,0
MUSC150-01-F15,84,0,0,0,0,0,0,0,0,0,0,0,0,0,0,0,0,0
MUSC150-02-F15,84,0,0,0,0,0,0,0,0,0,0,0,0,0,0,0,0,0
MUSC150-03-F15,84,0,0,0,0,0,0,0,0,0,0,0,0,0,0,0,0,0
MUSC150-04-F15,84,0,0,0,0,0,0,0,0,0,0,0,0,0,0,0,0,0
MUSC150J-00-F15,84,0,0,0,0,0,0,0,0,0,0,0,0,0,0,0,0,0
MUSC150J-01-F15,84,0,0,0,0,0,0,0,0,0,0,0,0,0,0,0,0,0
MUSC150J-02-F15,84,0,0,0,0,0,0,0,0,0,0,0,0,0,0,0,0,0
MUSC150J-03-F15,84,0,0,0,0,0,0,0,0,0,0,0,0,0,0,0,0,0
MUSC150J-04-F15,84,0,0,0,0,0,0,0,0,0,0,0,0,0,0,0,0,0
MUSC151-00-F15,84,0,0,0,0,0,0,1,0,0,0,0,0,0,0,0,0,0
MUSC151-01-F15,84,0,0,0,0,0,0,1,0,0,0,0,0,0,0,0,0,0
MUSC151-02-F15,84,0,0,0,0,0,0,1,0,0,0,0,0,0,0,0,0,0
MUSC151-03-F15,84,0,0,0,0,0,0,1,0,0,0,0,0,0,0,0,0,0
MUSC151-04-F15,84,0,0,0,0,0,0,1,0,0,0,0,0,0,0,0,0,0
MUSC151-05-F15,84,0,0,0,0,0,0,1,0,0,0,0,0,0,0,0,0,0
MUSC151J-00-F15,84,0,0,0,0,0,0,1,0,0,0,0,0,0,0,0,0,0
MUSC151J-01-F15,84,0,0,0,0,0,0,1,0,0,0,0,0,0,0,0,0,0
MUSC151J-02-F15,84,0,0,0,0,0,0,1,0,0,0,0,0,0,0,0,0,0
MUSC151J-03-F15,84,0,0,0,0,0,0,1,0,0,0,0,0,0,0,0,0,0
MUSC151J-04-F15,84,0,0,0,0,0,0,1,0,0,0,0,0,0,0,0,0,0
MUSC151J-05-F15,84,0,0,0,0,0,0,1,0,0,0,0,0,0,0,0,0,0
MUSC152-00-F15,84,0,0,0,0,0,0,0,0,0,0,0,0,0,0,0,0,0
MUSC152J-00-F15,84,0,0,0,0,0,0,0,0,0,0,0,0,0,0,0,0,0
MUSC155-00-F15,84,0,0,0,0,0,0,0,0,0,0,0,0,0,0,0,0,0
MUSC155-01-F15,84,0,0,0,0,0,0,0,0,0,0,0,0,0,0,0,0,0
MUSC155-02-F15,84,0,0,0,0,0,0,0,0,0,0,0,0,0,0,0,0,0
MUSC155-03-F15,84,0,0,0,0,0,0,0,0,0,0,0,0,0,0,0,0,0
MUSC155J-00-F15,84,0,0,0,0,0,0,0,0,0,0,0,0,0,0,0,0,0
MUSC155J-01-F15,84,0,0,0,0,0,0,0,0,0,0,0,0,0,0,0,0,0
MUSC155J-02-F15,84,0,0,0,0,0,0,0,0,0,0,0,0,0,0,0,0,0
MUSC155J-03-F15,84,0,0,0,0,0,0,0,0,0,0,0,0,0,0,0,0,0
MUSC156-00-F15,84,0,0,0,0,0,0,0,0,0,0,0,0,0,0,0,0,0
MUSC156-01-F15,84,0,0,0,0,0,0,0,0,0,0,0,0,0,0,0,0,0
MUSC156-02-F15,84,0,0,0,0,0,0,0,0,0,0,0,0,0,0,0,0,0
MUSC156-03-F15,84,0,0,0,0,0,0,0,0,0,0,0,0,0,0,0,0,0
MUSC156J-00-F15,84,0,0,0,0,0,0,0,0,0,0,0,0,0,0,0,0,0
MUSC156J-01-F15,84,0,0,0,0,0,0,0,0,0,0,0,0,0,0,0,0,0
MUSC156J-02-F15,84,0,0,0,0,0,0,0,0,0,0,0,0,0,0,0,0,0
MUSC156J-03-F15,84,0,0,0,0,0,0,0,0,0,0,0,0,0,0,0,0,0
MUSC157-00-F15,84,0,0,0,0,0,0,0,0,0,0,0,0,0,0,0,0,0
MUSC157J-00-F15,84,0,0,0,0,0,0,0,0,0,0,0,0,0,0,0,0,0
MUSC158-00-F15,84,0,0,0,0,0,0,0,0,0,0,0,0,0,0,0,0,0
MUSC158J-00-F15,84,0,0,0,0,0,0,0,0,0,0,0,0,0,0,0,0,0
MUSC159-00-F15,84,0,0,0,0,0,0,0,0,0,0,0,0,0,0,0,0,0
MUSC159J-00-F15,84,0,0,0,0,0,0,0,0,0,0,0,0,0,0,0,0,0
MUSC160-01-F15,84,0,0,0,0,0,0,0,0,0,0,0,0,0,0,0,0,0
MUSC160-02-F15,84,0,0,0,0,0,0,0,0,0,0,0,0,0,0,0,0,0
MUSC160J-01-F15,84,0,0,0,0,0,0,0,0,0,0,0,0,0,0,0,0,0
MUSC160J-02-F15,84,0,0,0,0,0,0,0,0,0,0,0,0,0,0,0,0,0
MUSC161-00-F15,84,0,0,0,0,0,0,0,0,0,0,0,0,0,0,0,0,0
MUSC161J-00-F15,84,0,0,0,0,0,0,0,0,0,0,0,0,0,0,0,0,0
MUSC162-00-F15,84,0,0,0,0,0,0,0,0,0,0,0,0,0,0,0,0,0
MUSC162J-00-F15,84,0,0,0,0,0,0,0,0,0,0,0,0,0,0,0,0,0
MUSC163-00-F15,84,0,0,0,0,0,0,0,0,0,0,0,0,0,0,0,0,0
MUSC163J-00-F15,84,0,0,0,0,0,0,0,0,0,0,0,0,0,0,0,0,0
MUSC164-00-F15,84,0,0,0,0,0,0,0,0,0,0,0,0,0,0,0,0,0
MUSC164J-00-F15,84,0,0,0,0,0,0,0,0,0,0,0,0,0,0,0,0,0
MUSC165-00-F15,84,0,0,0,0,0,0,0,0,0,0,0,0,0,0,0,0,0
MUSC165J-00-F15,84,0,0,0,0,0,0,0,0,0,0,0,0,0,0,0,0,0
MUSC166-01-F15,84,0,0,0,0,0,0,0,0,0,0,0,0,0,0,0,0,0
MUSC166-02-F15,84,0,0,0,0,0,0,0,0,0,0,0,0,0,0,0,0,0
MUSC166J-01-F15,84,0,0,0,0,0,0,0,0,0,0,0,0,0,0,0,0,0
MUSC166J-02-F15,84,0,0,0,0,0,0,0,0,0,0,0,0,0,0,0,0,0
MUSC167-00-F15,84,0,0,0,0,0,0,0,0,0,0,0,0,0,0,0,0,0
MUSC167J-00-F15,84,0,0,0,0,0,0,0,0,0,0,0,0,0,0,0,0,0
MUSC168-00-F15,84,0,0,0,0,0,0,0,0,0,0,0,0,0,0,0,0,0
MUSC168J-00-F15,84,0,0,0,0,0,0,0,0,0,0,0,0,0,0,0,0,0
MUSC169-00-F15,84,0,0,0,0,0,0,0,0,0,0,0,0,0,0,0,0,0
MUSC169J-00-F15,84,0,0,0,0,0,0,0,0,0,0,0,0,0,0,0,0,0
MUSC170-00-F15,84,0,0,0,0,0,0,0,0,0,0,0,0,0,0,0,0,0
MUSC170J-00-F15,84,0,0,0,0,0,0,0,0,0,0,0,0,0,0,0,0,0
MUSC171-00-F15,84,0,0,0,0,0,0,0,0,0,0,0,0,0,0,0,0,0
MUSC171J-00-F15,84,0,0,0,0,0,0,0,0,0,0,0,0,0,0,0,0,0
MUSC174-00-F15,84,0,0,0,0,0,0,0,0,0,0,0,0,0,0,0,0,0
MUSC174J-00-F15,84,0,0,0,0,0,0,0,0,0,0,0,0,0,0,0,0,0
MUSC175-00-F15,84,0,0,0,0,0,0,0,0,0,0,0,0,0,0,0,0,0
MUSC175J-00-F15,84,0,0,0,0,0,0,0,0,0,0,0,0,0,0,0,0,0
MUSC176-00-F15,84,0,0,0,0,0,0,0,0,0,0,0,0,0,0,0,0,0
MUSC176J-00-F15,84,0,0,0,0,0,0,0,0,0,0,0,0,0,0,0,0,0
MUSC177-00-F15,84,0,0,0,0,0,0,0,0,0,0,0,0,0,0,0,0,0
MUSC177J-00-F15,84,0,0,0,0,0,0,0,0,0,0,0,0,0,0,0,0,0
MUSC178-00-F15,84,0,0,0,0,0,0,0,0,0,0,0,0,0,0,0,0,0
MUSC178J-00-F15,84,0,0,0,0,0,0,0,0,0,0,0,0,0,0,0,0,0
MUSC179-00-F15,84,0,0,0,0,0,0,0,0,0,0,0,0,0,0,0,0,0
MUSC179J-00-F15,84,0,0,0,0,0,0,0,0,0,0,0,0,0,0,0,0,0
MUSC180-00-F15,84,0,0,0,0,0,0,0,0,0,0,0,0,0,0,0,0,0
MUSC180J-00-F15,84,0,0,0,0,0,0,0,0,0,0,0,0,0,0,0,0,0
MUSC181-00-F15,84,0,0,0,0,0,0,0,0,0,0,0,0,0,0,0,0,0
MUSC181J-00-F15,84,0,0,0,0,0,0,0,0,0,0,0,0,0,0,0,0,0
MUSC182-00-F15,84,0,0,0,0,0,0,0,0,0,0,0,0,0,0,0,0,0
MUSC182J-00-F15,84,0,0,0,0,0,0,0,0,0,0,0,0,0,0,0,0,0
MUSC183-00-F15,84,0,0,0,0,0,0,0,0,0,0,0,0,0,0,0,0,0
MUSC183J-00-F15,84,0,0,0,0,0,0,0,0,0,0,0,0,0,0,0,0,0
MUSC184-00-F15,84,0,0,0,0,0,0,0,0,0,0,0,0,0,0,0,0,0
MUSC184J-00-F15,84,0,0,0,0,0,0,0,0,0,0,0,0,0,0,0,0,0
MUSC185-01-F15,84,0,0,0,0,0,0,1,0,0,0,0,0,0,0,0,0,0
MUSC185-02-F15,84,0,0,0,0,0,0,1,0,0,0,0,0,0,0,0,0,0
MUSC186-00-F15,84,0,0,0,0,0,0,1,0,0,0,0,0,0,0,0,0,0
MUSC187-00-F15,84,0,0,0,0,0,0,0,0,0,0,0,0,0,0,0,0,0
MUSC188-00-F15,84,0,0,0,0,0,0,0,0,0,0,0,0,0,0,0,0,0
MUSC189-00-F15,84,0,0,0,0,0,0,0,0,0,0,0,0,0,0,0,0,0
MUSC190-00-F15,84,0,0,0,0,0,0,0,0,0,0,0,0,0,0,0,0,0
MUSC192-00-F15,84,0,0,0,0,0,0,0,0,0,0,0,0,0,0,0,0,0
MUSC194-00-F15,84,0,0,0,0,0,0,0,0,0,0,0,0,0,0,0,0,0
MUSC195-00-F15,84,0,0,0,0,0,0,1,0,0,0,0,0,0,0,0,0,0
MUSC197-00-F15,84,0,0,0,0,0,0,0,0,0,0,0,0,0,0,0,0,0
MUSC199-00-F15,84,0,0,0,0,0,0,0,0,0,0,0,0,0,0,0,0,0
MUSC245-00-F15,84,0,0,1,0,0,0,2,0,6,0,0,0,0,0,0,0,0
MUSC247-01-F15,84,0,0,0,0,0,0,1,0,0,0,0,0,0,0,0,0,0
MUSC247-02-F15,84,0,0,0,0,0,0,1,0,0,0,0,0,0,0,0,0,0
musc247-f15,84,0,0,0,0,0,1,4,0,10,0,0,0,0,0,0,0,0
MUSC250-00-F15,84,0,0,0,0,0,0,0,0,0,0,0,0,0,0,0,0,0
MUSC250-01-F15,84,0,0,0,0,0,0,0,0,0,0,0,0,0,0,0,0,0
MUSC250-02-F15,84,0,0,0,0,0,0,0,0,0,0,0,0,0,0,0,0,0
MUSC250-03-F15,84,0,0,0,0,0,0,0,0,0,0,0,0,0,0,0,0,0
MUSC250-04-F15,84,0,0,0,0,0,0,0,0,0,0,0,0,0,0,0,0,0
MUSC250J-00-F15,84,0,0,0,0,0,0,0,0,0,0,0,0,0,0,0,0,0
MUSC250J-01-F15,84,0,0,0,0,0,0,0,0,0,0,0,0,0,0,0,0,0
MUSC250J-02-F15,84,0,0,0,0,0,0,0,0,0,0,0,0,0,0,0,0,0
MUSC250J-03-F15,84,0,0,0,0,0,0,0,0,0,0,0,0,0,0,0,0,0
MUSC250J-04-F15,84,0,0,0,0,0,0,0,0,0,0,0,0,0,0,0,0,0
MUSC251-00-F15,84,0,0,0,0,0,0,1,0,0,0,0,0,0,0,0,0,0
MUSC251-01-F15,84,0,0,0,0,0,0,1,0,0,0,0,0,0,0,0,0,0
MUSC251-02-F15,84,0,0,0,0,0,0,1,0,0,0,0,0,0,0,0,0,0
MUSC251-03-F15,84,0,0,0,0,0,0,1,0,0,0,0,0,0,0,0,0,0
MUSC251-04-F15,84,0,0,0,0,0,0,1,0,0,0,0,0,0,0,0,0,0
MUSC251-05-F15,84,0,0,0,0,0,0,1,0,0,0,0,0,0,0,0,0,0
MUSC251J-00-F15,84,0,0,0,0,0,0,1,0,0,0,0,0,0,0,0,0,0
MUSC251J-01-F15,84,0,0,0,0,0,0,1,0,0,0,0,0,0,0,0,0,0
MUSC251J-02-F15,84,0,0,0,0,0,0,1,0,0,0,0,0,0,0,0,0,0
MUSC251J-03-F15,84,0,0,0,0,0,0,1,0,0,0,0,0,0,0,0,0,0
MUSC251J-04-F15,84,0,0,0,0,0,0,1,0,0,0,0,0,0,0,0,0,0
MUSC251J-05-F15,84,0,0,0,0,0,0,1,0,0,0,0,0,0,0,0,0,0
MUSC252-00-F15,84,0,0,0,0,0,0,0,0,0,0,0,0,0,0,0,0,0
MUSC252J-00-F15,84,0,0,0,0,0,0,0,0,0,0,0,0,0,0,0,0,0
MUSC255-00-F15,84,0,0,0,0,0,0,0,0,0,0,0,0,0,0,0,0,0
MUSC255-01-F15,84,0,0,0,0,0,0,0,0,0,0,0,0,0,0,0,0,0
MUSC255-02-F15,84,0,0,0,0,0,0,0,0,0,0,0,0,0,0,0,0,0
MUSC255-03-F15,84,0,0,0,0,0,0,0,0,0,0,0,0,0,0,0,0,0
MUSC255J-00-F15,84,0,0,0,0,0,0,0,0,0,0,0,0,0,0,0,0,0
MUSC255J-01-F15,84,0,0,0,0,0,0,0,0,0,0,0,0,0,0,0,0,0
MUSC255J-02-F15,84,0,0,0,0,0,0,0,0,0,0,0,0,0,0,0,0,0
MUSC255J-03-F15,84,0,0,0,0,0,0,0,0,0,0,0,0,0,0,0,0,0
MUSC256-00-F15,84,0,0,0,0,0,0,0,0,0,0,0,0,0,0,0,0,0
MUSC256-01-F15,84,0,0,0,0,0,0,0,0,0,0,0,0,0,0,0,0,0
MUSC256-02-F15,84,0,0,0,0,0,0,0,0,0,0,0,0,0,0,0,0,0
MUSC256-03-F15,84,0,0,0,0,0,0,0,0,0,0,0,0,0,0,0,0,0
MUSC256J-00-F15,84,0,0,0,0,0,0,0,0,0,0,0,0,0,0,0,0,0
MUSC256J-01-F15,84,0,0,0,0,0,0,0,0,0,0,0,0,0,0,0,0,0
MUSC256J-02-F15,84,0,0,0,0,0,0,0,0,0,0,0,0,0,0,0,0,0
MUSC256J-03-F15,84,0,0,0,0,0,0,0,0,0,0,0,0,0,0,0,0,0
MUSC257-00-F15,84,0,0,0,0,0,0,0,0,0,0,0,0,0,0,0,0,0
MUSC257J-00-F15,84,0,0,0,0,0,0,0,0,0,0,0,0,0,0,0,0,0
MUSC258-00-F15,84,0,0,0,0,0,0,0,0,0,0,0,0,0,0,0,0,0
MUSC258J-00-F15,84,0,0,0,0,0,0,0,0,0,0,0,0,0,0,0,0,0
MUSC259-00-F15,84,0,0,0,0,0,0,0,0,0,0,0,0,0,0,0,0,0
MUSC259J-00-F15,84,0,0,0,0,0,0,0,0,0,0,0,0,0,0,0,0,0
MUSC260-01-F15,84,0,0,0,0,0,0,0,0,0,0,0,0,0,0,0,0,0
MUSC260-02-F15,84,0,0,0,0,0,0,0,0,0,0,0,0,0,0,0,0,0
MUSC260J-01-F15,84,0,0,0,0,0,0,0,0,0,0,0,0,0,0,0,0,0
MUSC260J-02-F15,84,0,0,0,0,0,0,0,0,0,0,0,0,0,0,0,0,0
MUSC261-00-F15,84,0,0,0,0,0,0,0,0,0,0,0,0,0,0,0,0,0
MUSC261J-00-F15,84,0,0,0,0,0,0,0,0,0,0,0,0,0,0,0,0,0
MUSC262-00-F15,84,0,0,0,0,0,0,0,0,0,0,0,0,0,0,0,0,0
MUSC262J-00-F15,84,0,0,0,0,0,0,0,0,0,0,0,0,0,0,0,0,0
MUSC263-00-F15,84,0,0,0,0,0,0,0,0,0,0,0,0,0,0,0,0,0
MUSC263J-00-F15,84,0,0,0,0,0,0,0,0,0,0,0,0,0,0,0,0,0
MUSC264-00-F15,84,0,0,0,0,0,0,0,0,0,0,0,0,0,0,0,0,0
MUSC264J-00-F15,84,0,0,0,0,0,0,0,0,0,0,0,0,0,0,0,0,0
MUSC265-00-F15,84,0,0,0,0,0,0,0,0,0,0,0,0,0,0,0,0,0
MUSC265J-00-F15,84,0,0,0,0,0,0,0,0,0,0,0,0,0,0,0,0,0
MUSC266-01-F15,84,0,0,0,0,0,0,0,0,0,0,0,0,0,0,0,0,0
MUSC266-02-F15,84,0,0,0,0,0,0,0,0,0,0,0,0,0,0,0,0,0
MUSC266J-01-F15,84,0,0,0,0,0,0,0,0,0,0,0,0,0,0,0,0,0
MUSC266J-02-F15,84,0,0,0,0,0,0,0,0,0,0,0,0,0,0,0,0,0
MUSC267-00-F15,84,0,0,0,0,0,0,0,0,0,0,0,0,0,0,0,0,0
MUSC267J-00-F15,84,0,0,0,0,0,0,0,0,0,0,0,0,0,0,0,0,0
MUSC268-00-F15,84,0,0,0,0,0,0,0,0,0,0,0,0,0,0,0,0,0
MUSC268J-00-F15,84,0,0,0,0,0,0,0,0,0,0,0,0,0,0,0,0,0
MUSC269-00-F15,84,0,0,0,0,0,0,0,0,0,0,0,0,0,0,0,0,0
MUSC269J-00-F15,84,0,0,0,0,0,0,0,0,0,0,0,0,0,0,0,0,0
MUSC270-00-F15,84,0,0,0,0,0,0,0,0,0,0,0,0,0,0,0,0,0
MUSC270J-00-F15,84,0,0,0,0,0,0,0,0,0,0,0,0,0,0,0,0,0
MUSC271-00-F15,84,0,0,0,0,0,0,0,0,0,0,0,0,0,0,0,0,0
MUSC271J-00-F15,84,0,0,0,0,0,0,0,0,0,0,0,0,0,0,0,0,0
MUSC274-00-F15,84,0,0,0,0,0,0,0,0,0,0,0,0,0,0,0,0,0
MUSC274J-00-F15,84,0,0,0,0,0,0,0,0,0,0,0,0,0,0,0,0,0
MUSC275-00-F15,84,0,0,0,0,0,0,0,0,0,0,0,0,0,0,0,0,0
MUSC275J-00-F15,84,0,0,0,0,0,0,0,0,0,0,0,0,0,0,0,0,0
MUSC276-00-F15,84,0,0,0,0,0,0,0,0,0,0,0,0,0,0,0,0,0
MUSC276J-00-F15,84,0,0,0,0,0,0,0,0,0,0,0,0,0,0,0,0,0
MUSC277-00-F15,84,0,0,0,0,0,0,0,0,0,0,0,0,0,0,0,0,0
MUSC277J-00-F15,84,0,0,0,0,0,0,0,0,0,0,0,0,0,0,0,0,0
MUSC278-00-F15,84,0,0,0,0,0,0,0,0,0,0,0,0,0,0,0,0,0
MUSC278J-00-F15,84,0,0,0,0,0,0,0,0,0,0,0,0,0,0,0,0,0
MUSC279-00-F15,84,0,0,0,0,0,0,0,0,0,0,0,0,0,0,0,0,0
MUSC279J-00-F15,84,0,0,0,0,0,0,0,0,0,0,0,0,0,0,0,0,0
MUSC280-00-F15,84,0,0,0,0,0,0,0,0,0,0,0,0,0,0,0,0,0
MUSC280J-00-F15,84,0,0,0,0,0,0,0,0,0,0,0,0,0,0,0,0,0
MUSC281-00-F15,84,0,0,0,0,0,0,0,0,0,0,0,0,0,0,0,0,0
MUSC281J-00-F15,84,0,0,0,0,0,0,0,0,0,0,0,0,0,0,0,0,0
MUSC282-00-F15,84,0,0,0,0,0,0,0,0,0,0,0,0,0,0,0,0,0
MUSC282J-00-F15,84,0,0,0,0,0,0,0,0,0,0,0,0,0,0,0,0,0
MUSC283-00-F15,84,0,0,0,0,0,0,0,0,0,0,0,0,0,0,0,0,0
MUSC283J-00-F15,84,0,0,0,0,0,0,0,0,0,0,0,0,0,0,0,0,0
MUSC284-00-F15,84,0,0,0,0,0,0,0,0,0,0,0,0,0,0,0,0,0
MUSC284J-00-F15,84,0,0,0,0,0,0,0,0,0,0,0,0,0,0,0,0,0
MUSC285J-00-F15,84,0,0,0,0,0,0,0,0,0,0,0,0,0,0,0,0,0
MUSC286J-00-F15,84,0,0,0,0,0,0,0,0,0,0,0,0,0,0,0,0,0
MUSC299-00-F15,84,0,0,0,0,0,0,0,0,0,0,0,0,0,0,0,0,0
MUSC400-00-F15,84,0,0,0,0,0,0,0,0,0,0,0,0,0,0,0,0,0
PE101-00-F15,84,0,0,0,0,0,0,0,0,0,0,0,0,0,0,0,0,0
PE102-00-F15,84,0,0,0,0,0,0,1,0,0,0,0,0,0,0,0,0,0
PE103-00-F15,84,0,0,0,0,0,0,1,0,0,0,0,0,0,0,0,0,0
PE104-00-F15,84,0,0,0,0,0,0,1,0,0,0,0,0,0,0,0,0,0
PE107-00-F15,84,0,0,0,0,0,0,0,0,0,0,0,0,0,0,0,0,0
PE108-00-F15,84,0,0,0,0,0,0,0,0,0,0,0,0,0,0,0,0,0
PE110-00-F15,84,0,0,0,0,0,0,1,0,0,0,0,0,0,0,0,0,0
PE125-00-F15,84,0,0,0,0,0,0,1,0,0,0,0,0,0,0,0,0,0
PE126-00-F15,84,0,0,0,0,0,0,1,0,0,0,0,0,0,0,0,0,0
PE127-00-F15,84,0,0,0,0,0,0,1,0,0,0,0,0,0,0,0,0,0
PE130-00-F15,84,0,0,0,0,0,0,0,0,0,0,0,0,0,0,0,0,0
PE142-00-F15,84,0,0,0,0,0,0,1,0,0,0,0,0,0,0,0,0,0
PE145-00-F15,84,0,0,0,0,0,0,0,0,0,0,0,0,0,0,0,0,0
PE148-00-F15,84,0,0,0,0,0,0,0,0,0,0,0,0,0,0,0,0,0
PE149-00-F15,84,0,0,0,0,0,0,0,0,0,0,0,0,0,0,0,0,0
PE150-00-F15,84,0,0,0,0,0,0,0,0,0,0,0,0,0,0,0,0,0
PE151-00-F15,84,0,0,0,0,0,0,0,0,0,0,0,0,0,0,0,0,0
PE158-01-F15,84,0,0,0,0,0,0,1,0,0,0,0,0,0,0,0,0,0
PE158-02-F15,84,0,0,0,0,0,0,1,0,0,0,0,0,0,0,0,0,0
PE158-03-F15,84,0,0,0,0,0,0,1,0,0,0,0,0,0,0,0,0,0
PE159-00-F15,84,0,0,0,0,0,0,1,0,0,0,0,0,0,0,0,0,0
PE161-00-F15,84,0,0,0,0,0,0,1,0,0,0,0,0,0,0,0,0,0
PE167-00-F15,84,0,0,0,0,0,0,1,0,0,0,0,0,0,0,0,0,0
PE168-00-F15,84,0,0,0,0,0,0,1,0,0,0,0,0,0,0,0,0,0
PE171-00-F15,84,0,0,0,0,0,0,1,0,0,0,0,0,0,0,0,0,0
PE172-00-F15,84,0,0,0,0,0,0,0,0,0,0,0,0,0,0,0,0,0
PE173-00-F15,84,0,0,0,0,0,0,0,0,0,0,0,0,0,0,0,0,0
PE175-00-F15,84,0,0,0,0,0,0,1,0,0,0,0,0,0,0,0,0,0
PE177-00-F15,84,0,0,0,0,0,0,1,0,0,0,0,0,0,0,0,0,0
PE178-00-F15,84,0,0,0,0,0,0,1,0,0,0,0,0,0,0,0,0,0
PE190-00-F15,84,0,0,0,0,0,0,1,0,0,0,0,0,0,0,0,0,0
PE195-00-F15,84,0,0,0,0,0,0,1,0,0,0,0,0,0,0,0,0,0
PE199-01-F15,84,0,0,0,0,0,0,1,0,0,0,0,0,0,0,0,0,0
PE199-02-F15,84,0,0,0,0,0,0,1,0,0,0,0,0,0,0,0,0,0
PE199-03-F15,84,0,0,0,0,0,0,1,0,0,0,0,0,0,0,0,0,0
PE217-00-F15,84,0,0,0,0,0,0,0,0,0,0,0,0,0,0,0,0,0
PE218-00-F15,84,0,0,0,0,0,0,0,0,0,0,0,0,0,0,0,0,0
PE226-00-F15,84,0,0,0,0,0,0,0,0,0,0,0,0,0,0,0,0,0
PE229-00-F15,84,0,0,0,0,0,0,0,0,0,0,0,0,0,0,0,0,0
PE230-00-F15,84,0,0,0,0,0,0,0,0,0,0,0,0,0,0,0,0,0
PE269-00-F15,84,0,0,0,0,0,0,1,0,0,0,0,0,0,0,0,0,0
PE270-00-F15,84,0,0,0,0,0,0,0,0,0,0,0,0,0,0,0,0,0
PE291-00-F15,84,0,0,0,0,0,0,0,0,0,0,0,0,0,0,0,0,0
PE348-00-F15,84,1,0,0,0,0,2,1,0,0,0,0,0,0,0,0,0,0
PHIL100-01-F15,84,8,0,0,0,0,7,4,0,0,0,0,0,0,0,0,1,0
PHIL100-02-F15,84,5,0,0,0,0,0,1,0,0,0,0,0,0,0,0,0,0
PHIL115-00-F15,84,4,0,0,0,0,0,1,0,0,0,0,0,0,0,0,0,0
PHIL213-00-F15,84,3,0,0,0,0,0,1,0,0,0,0,0,0,0,0,0,0
PHIL221-00-F15,84,7,0,0,0,0,9,3,0,0,0,0,0,0,0,0,0,0
PHIL251-00-F15,84,3,0,0,0,0,0,8,0,0,0,0,0,0,0,0,0,0
PHIL270-00-F15,84,0,0,0,0,2,0,1,0,0,0,0,0,0,0,0,0,0
PHIL301-00-F15,84,3,0,0,0,0,2,1,0,0,0,0,0,0,0,0,0,0
PHIL400-00-F15,84,0,0,0,0,0,0,0,0,0,0,0,0,0,0,0,0,0
PHYS131-00-F15,84,1,0,0,0,4,0,1,0,0,0,0,0,8,0,0,0,0
PHYS131L-52-F15,84,0,0,0,0,0,0,1,0,0,0,0,0,0,0,0,0,0
PHYS131L-59-F15,84,0,0,0,0,0,0,1,0,0,0,0,0,0,0,0,0,0
PHYS142-00-F15,84,0,0,0,0,0,0,0,0,0,0,0,0,0,0,0,0,0
PHYS142L-54-F15,84,0,0,0,0,0,0,0,0,0,0,0,0,0,0,0,0,0
PHYS151-00-F15,84,0,0,0,0,0,31,1,0,0,0,0,0,0,0,0,0,0
PHYS151L-54-F15,84,0,0,0,0,0,0,0,0,0,0,0,0,0,0,0,0,0
PHYS153-00-F15,84,1,0,0,0,1,0,2,0,26,0,0,0,2,0,0,0,0
PHYS153L-52-F15,84,0,0,0,0,0,0,1,0,0,0,0,0,0,0,0,0,0
PHYS153L-59-F15,84,0,0,0,0,0,0,1,0,0,0,0,0,0,0,0,0,0
PHYS228-00-F15,84,3,0,0,0,5,3,1,0,1,0,0,0,2,0,0,0,0
PHYS228L-52-F15,84,0,0,0,0,0,2,5,0,0,0,0,0,1,0,0,0,0
PHYS228L-57-F15,84,0,0,0,0,0,2,1,0,1,0,0,0,1,0,0,0,0
PHYS228L-59-F15,84,0,0,0,0,0,2,3,0,0,0,0,0,1,0,0,0,0
PHYS232-00-F15,84,0,0,0,0,0,0,1,0,0,0,0,0,0,0,0,0,0
PHYS343-00-F15,84,0,0,0,0,0,0,1,0,13,0,0,0,0,0,0,0,0
PHYS343L-52-F15,84,0,0,0,0,0,0,1,0,0,0,0,0,0,0,0,0,0
PHYS343L-59-F15,84,0,0,0,0,0,0,1,0,0,0,0,0,0,0,0,0,0
PHYS346-00-F15,84,0,0,0,0,0,0,0,0,0,0,0,0,0,0,0,0,0
PHYS355-00-F15,84,0,0,0,0,0,0,0,0,0,0,0,0,0,0,0,0,0
PHYS356-00-F15,84,0,0,0,0,0,0,0,0,0,0,0,0,0,0,0,0,0
PHYS356-11-F15,84,0,0,0,0,0,0,0,0,0,0,0,0,0,0,0,0,0
POSC120-00-F15,84,6,0,0,0,0,6,3,0,0,0,2,0,4,0,0,0,0
POSC120-WL0-F15,84,0,0,0,0,0,0,0,0,0,0,0,0,0,0,0,0,0
POSC122-00-F15,84,0,0,0,0,0,1,3,0,1,0,0,0,0,0,0,0,0
POSC150-00-F15,84,4,0,0,0,0,0,2,0,0,0,0,0,0,0,0,0,0
POSC160-00-F15,84,0,0,0,0,0,0,1,0,0,0,0,0,0,0,0,0,0
POSC170-00-F15,84,0,0,0,0,0,0,1,0,0,0,0,0,0,0,0,0,0
POSC201-00-F15,84,0,0,0,0,0,0,1,0,0,0,0,0,0,0,0,0,0
POSC224-00-F15,84,12,0,1,0,0,0,3,0,5,0,0,0,0,0,0,0,0
POSC225-00-F15,84,15,0,2,0,0,0,3,0,8,0,0,0,0,0,0,0,0
POSC230-00-F15,84,0,0,0,0,0,1,1,0,0,0,0,0,0,0,0,0,0
POSC231-00-F15,84,4,0,0,0,0,0,3,0,1,0,0,0,0,0,0,0,0
POSC248-00-F15,84,0,0,0,0,0,0,0,0,0,0,0,0,0,0,0,0,0
POSC251-00-F15,84,0,0,0,0,0,0,0,0,0,0,0,0,0,0,0,0,0
POSC266-00-F15,84,0,0,0,0,0,0,1,0,0,0,0,0,0,0,0,0,0
POSC268-00-F15,84,0,0,0,0,0,0,0,0,0,0,0,0,0,0,0,0,0
POSC276-00-F15,84,0,0,0,0,0,0,1,0,0,0,0,0,0,0,0,0,0
POSC281-00-F15,84,0,0,0,0,0,0,1,0,0,0,0,0,0,0,0,0,0
POSC313-00-F15,84,2,0,0,0,0,11,10,0,0,0,0,0,0,0,0,0,0
POSC328-00-F15,84,0,0,0,0,0,0,1,0,0,0,0,0,0,0,0,0,0
POSC338-00-F15,84,0,0,0,0,0,1,1,0,0,0,0,0,0,0,0,0,0
POSC358-00-F15,84,5,0,0,0,0,3,3,0,1,0,0,0,0,0,0,0,0
POSC361-00-F15,84,0,0,0,0,0,0,0,0,0,0,0,0,0,0,0,0,0
POSC371-00-F15,84,0,0,0,0,0,0,0,0,0,0,0,0,0,0,0,0,0
POSC400-02-F15,84,0,0,0,0,0,0,0,0,0,0,0,0,0,0,0,0,0
POSC400-03-F15,84,0,0,0,0,0,0,0,0,0,0,0,0,0,0,0,0,0
POSC400-05-F15,84,0,0,0,0,0,0,0,0,0,0,0,0,0,0,0,0,0
POSC400-06-F15,84,0,0,0,0,0,0,0,0,0,0,0,0,0,0,0,0,0
POSC400-08-F15,84,0,0,0,0,0,0,0,0,0,0,0,0,0,0,0,0,0
POSC400-10-F15,84,0,0,0,0,0,0,0,0,0,0,0,0,0,0,0,0,0
POSC400-11-F15,84,7,0,0,0,0,0,1,0,13,0,0,0,0,0,0,0,0
POSC400-12-F15,84,0,0,0,0,0,0,0,0,0,0,0,0,0,0,0,0,0
POSC400-13-F15,84,0,0,0,0,0,0,0,0,0,0,0,0,0,0,0,0,0
PSYC110-01-F15,84,0,0,0,0,0,0,1,0,0,0,0,0,0,0,0,0,0
PSYC110-02-F15,84,0,0,0,0,0,1,1,0,0,0,0,0,0,0,0,0,0
PSYC110-03-F15,84,0,0,0,0,0,0,0,0,0,0,0,0,0,0,0,0,0
PSYC110-WL2-F15,84,0,0,0,0,0,0,0,0,0,0,0,0,0,0,0,0,0
PSYC210-00-F15,84,1,0,0,0,0,1,1,0,0,0,0,0,0,0,0,0,0
PSYC211-01-F15,84,0,0,0,0,0,0,0,0,0,0,0,0,0,0,0,0,0
PSYC211-02-F15,84,0,0,0,0,0,0,0,0,0,0,0,0,0,0,0,0,0
PSYC248-00-F15,84,2,0,0,0,0,5,4,0,0,0,0,0,0,0,0,0,0
PSYC254-00-F15,84,0,0,0,0,0,0,0,0,0,0,0,0,0,0,0,0,0
PSYC260-00-F15,84,3,0,0,0,0,0,9,0,0,0,0,0,0,0,0,0,0
PSYC261-01-F15,84,10,0,0,0,0,0,1,0,0,0,0,0,0,0,0,0,0
PSYC261-02-F15,84,0,0,0,0,0,0,0,0,0,0,0,0,0,0,0,0,0
PSYC369-00-F15,84,12,0,0,0,0,3,15,0,1,0,0,0,0,0,0,0,0
PSYC374-00-F15,84,3,0,0,0,0,1,18,0,0,0,0,0,0,0,0,0,0
PSYC383-00-F15,84,16,0,0,0,0,10,15,0,0,0,0,0,0,0,0,0,0
PSYC400-01-F15,84,0,0,0,0,0,0,0,0,0,0,0,0,0,0,0,0,0
PSYC400-02-F15,84,0,0,0,0,0,0,0,0,0,0,0,0,0,0,0,0,0
PSYC400-03-F15,84,0,0,0,0,0,0,0,0,0,0,0,0,0,0,0,0,0
PSYC400-04-F15,84,0,0,0,0,0,0,0,0,0,0,0,0,0,0,0,0,0
PSYC400-05-F15,84,0,0,0,0,0,0,0,0,0,0,0,0,0,0,0,0,0
PSYC400-06-F15,84,0,0,0,0,0,0,0,0,0,0,0,0,0,0,0,0,0
PSYC400-08-F15,84,0,0,0,0,0,0,0,0,0,0,0,0,0,0,0,0,0
PSYC400-09-F15,84,0,0,0,0,0,0,0,0,0,0,0,0,0,0,0,0,0
PSYC400-10-F15,84,0,0,0,0,0,0,1,0,0,0,0,0,0,0,0,0,0
PSYC400-11-F15,84,0,0,0,0,0,0,1,0,0,0,0,0,0,0,0,0,0
PSYC400-12-F15,84,0,0,0,0,0,0,0,0,0,0,0,0,0,0,0,0,0
RELG100-01-F15,84,1,0,0,0,0,0,1,0,0,0,0,0,0,0,0,0,0
RELG100-02-F15,84,4,0,0,0,0,0,1,0,37,0,0,0,0,0,0,0,0
RELG100-03-F15,84,0,0,0,0,0,0,0,0,0,0,0,0,0,0,0,0,0
RELG100-04-F15,84,0,0,0,0,0,0,1,0,0,0,0,0,0,0,0,0,0
RELG110-00-F15,84,0,0,0,0,0,0,7,0,0,0,0,0,0,0,0,0,0
RELG153-00-F15,84,0,0,0,0,0,0,0,0,0,0,0,0,0,0,0,0,0
RELG210-00-F15,84,0,0,0,0,0,0,1,0,0,0,0,0,0,0,0,0,0
RELG221-00-F15,84,0,0,0,0,0,0,0,0,0,0,0,0,0,0,0,0,0
RELG225-00-F15,84,4,0,0,0,0,0,2,0,36,0,0,0,0,0,0,0,0
RELG243-00-F15,84,1,0,0,0,0,0,1,0,0,0,0,0,0,0,0,0,0
RELG267-00-F15,84,0,0,0,0,0,0,0,0,0,0,0,0,0,0,0,0,0
RELG340-00-F15,84,0,0,0,0,0,0,0,0,0,0,0,0,0,0,0,0,0
RUSS101-01-F15,84,0,0,0,0,0,0,1,0,0,0,0,0,0,0,0,0,0
RUSS101-02-F15,84,0,0,0,0,0,0,1,0,0,0,0,0,0,0,0,0,0
russ101-f15,84,116,0,0,0,0,1,2,0,3,35,0,0,103,0,0,0,0
RUSS150-00-F15,84,0,0,0,0,0,0,1,0,0,0,0,0,0,0,0,0,0
RUSS204-00-F15,84,106,0,0,0,0,30,2,0,9,28,0,0,57,0,0,0,0
RUSS346-00-F15,84,48,0,0,0,0,18,1,0,1,0,0,0,0,0,0,0,0
RUSS400-00-F15,84,0,0,0,0,0,0,1,0,0,0,0,0,0,0,0,0,0
SOAN100-00-F15,84,0,0,0,0,0,0,1,0,0,0,0,0,0,0,0,0,0
SOAN110-00-F15,84,0,0,0,0,0,0,1,0,0,0,0,0,0,0,0,0,0
SOAN110-WL0-F15,84,0,0,0,0,0,0,0,0,0,0,0,0,0,0,0,0,0
SOAN111-00-F15,84,0,0,0,0,0,0,1,0,0,0,0,0,0,0,0,0,0
SOAN111-WL0-F15,84,0,0,0,0,0,0,0,0,0,0,0,0,0,0,0,0,0
SOAN203-00-F15,84,0,0,0,0,0,0,1,0,0,0,0,0,0,0,0,0,0
SOAN204-00-F15,84,3,0,0,0,0,0,27,0,0,0,0,0,0,0,0,0,0
SOAN272-00-F15,84,0,0,0,0,0,0,0,0,0,0,0,0,0,0,0,0,0
SOAN330-00-F15,84,4,0,0,0,0,0,25,0,0,0,0,0,0,0,0,1,0
SOAN333-00-F15,84,0,0,0,0,0,0,1,0,0,0,0,0,0,0,0,0,0
SOAN396-01-F15,84,2,0,0,0,0,1,1,0,0,0,0,0,0,0,0,0,0
SOAN396-02-F15,84,2,0,0,0,0,0,1,0,0,0,0,0,0,0,0,0,0
SOAN400-01-F15,84,0,0,0,0,0,0,0,0,0,0,0,0,0,0,0,0,0
SOAN400-02-F15,84,0,0,0,0,0,0,0,0,0,0,0,0,0,0,0,0,0
SOAN400-03-F15,84,0,0,0,0,0,0,0,0,0,0,0,0,0,0,0,0,0
SOAN400-04-F15,84,0,0,0,0,0,0,0,0,0,0,0,0,0,0,0,0,0
SOAN400-05-F15,84,0,0,0,0,0,0,0,0,0,0,0,0,0,0,0,0,0
SOAN400-06-F15,84,0,0,0,0,0,0,1,0,0,0,0,0,0,0,0,0,0
SPAN101-01-F15,84,0,0,0,0,0,0,1,0,0,0,0,0,0,0,0,0,0
SPAN101-02-F15,84,0,0,0,0,0,0,1,0,0,0,0,0,0,0,0,0,0
SPAN101-03-F15,84,0,0,0,0,0,0,1,0,3,0,0,0,13,0,0,0,0
SPAN101-04-F15,84,0,0,0,0,0,0,1,0,3,0,0,0,13,0,0,0,0
SPAN101-05-F15,84,0,0,0,0,0,0,2,0,14,0,0,0,0,0,0,0,0
span101-f25 (Pearsall),84,0,0,0,0,0,0,1,0,5,0,0,0,0,0,0,0,0
SPAN204-01-F15,84,0,0,0,0,0,0,1,0,0,0,0,0,0,0,0,0,0
SPAN204-02-F15,84,0,0,0,0,0,0,0,0,0,0,0,0,0,0,0,0,0
SPAN204-03-F15,84,0,0,0,0,0,0,1,0,0,0,0,0,0,0,0,0,0
SPAN204-04-F15,84,0,0,0,0,0,2,2,0,16,0,0,0,0,0,0,0,0
SPAN204-05-F15,84,0,0,0,0,0,0,1,0,0,0,0,0,0,0,0,0,0
SPAN204-06-F15,84,0,0,0,0,0,1,1,0,16,0,0,0,0,0,0,0,0
SPAN204-08-F15,84,0,0,0,0,0,0,1,0,0,0,0,0,0,0,0,0,0
SPAN204-09-F15,84,0,0,0,0,0,0,1,0,0,0,0,0,0,0,0,0,0
SPAN204-10-F15,84,0,0,0,0,0,0,1,0,0,0,0,0,0,0,0,0,0
SPAN204-11-F15,84,0,0,0,0,0,1,1,0,16,0,0,0,0,0,0,0,0
span204-f15 (Burdell),84,0,0,2,0,0,0,2,0,3,0,0,0,25,0,0,0,0
span204-f15 (Contreras),84,0,0,0,0,0,0,2,0,17,0,0,0,0,0,0,0,0
span204-f15 (Pariente-Beltran),84,0,0,0,0,0,3,1,0,18,0,0,0,0,0,0,0,0
SPAN205-00-F15,84,0,0,0,0,0,0,1,0,0,0,0,0,0,0,0,0,0
SPAN208-00-F15,84,0,0,0,0,0,0,0,0,0,0,0,0,0,0,0,0,0
SPAN220-00-F15,84,3,0,0,0,0,7,8,0,9,0,0,0,0,0,0,0,0
SPAN221-07-F15,84,0,0,0,0,0,0,0,0,0,0,0,0,0,0,0,0,0
SPAN229-07-F15,84,0,0,0,0,0,0,0,0,0,0,0,0,0,0,0,0,0
SPAN247-07-F15,84,0,0,0,0,0,0,0,0,0,0,0,0,0,0,0,0,0
SPAN277-00-F15,84,0,0,0,0,0,0,1,0,0,0,0,0,0,0,0,0,0
SPAN320-00-F15,84,0,0,0,0,0,0,0,0,0,0,0,0,0,0,0,0,0
SPAN328-00-F15,84,0,0,0,0,0,0,1,0,4,0,0,0,0,0,0,0,0
SPAN349-07-F15,84,0,0,0,0,0,0,0,0,0,0,0,0,0,0,0,0,0
SPAN400-00-F15,84,0,0,0,0,0,0,0,0,0,0,0,0,0,0,0,0,0
THEA100-00-F15,84,0,0,0,0,0,0,0,0,0,0,0,0,0,0,0,0,0
THEA190-00-F15,84,0,0,0,0,0,0,0,0,0,0,0,0,0,0,0,0,0
THEA237-00-F15,84,11,0,1,0,0,0,1,0,0,0,0,0,0,0,0,0,0
THEA250S-00-F15,84,0,0,0,0,0,0,0,0,0,0,0,0,0,0,0,0,0
THEA255-00-F15,84,0,0,0,0,0,0,0,0,0,0,0,0,0,0,0,0,0
THEA345-00-F15,84,0,0,0,0,0,0,1,0,0,0,0,0,0,0,0,0,0
THEA400-00-F15,84,0,0,0,0,0,0,0,0,0,0,0,0,0,0,0,0,0
VocalPoint Fall '15,84,0,0,0,0,0,0,1,0,0,0,0,0,0,0,0,0,0
WGST110-00-F15,84,0,0,0,0,0,0,0,0,0,0,0,0,0,0,0,0,0
WGST110-WL0-F15,84,0,0,0,0,0,0,0,0,0,0,0,0,0,0,0,0,0
WGST112-00-F15,84,4,0,0,0,0,0,28,0,32,0,0,0,0,0,0,0,0
WGST200-00-F15,84,0,0,0,0,0,0,0,0,0,0,0,0,0,0,0,0,0
WGST220-00-F15,84,3,0,0,0,0,0,4,0,28,0,0,0,0,0,0,0,0
WGST400-00-F15,84,0,0,0,0,0,0,0,0,0,0,0,0,0,0,0,0,0